t0,t1,t_mean,t0_data,t1_data,cps_bgsub,cps_bgsub_err,flux_bgsub,flux_bgsub_err,mag_bgsub,mag_bgsub_err_1,mag_bgsub_err_2,cps_mcatbgsub,cps_mcatbgsub_err,flux_mcatbgsub,flux_mcatbgsub_err,mag_mcatbgsub,mag_mcatbgsub_err_1,mag_mcatbgsub_err_2,cps,cps_err,flux,flux_err,mag,mag_err_1,mag_err_2,counts,flat_counts,bg_counts,bg_flat_counts,exptime,bg,mcat_bg,responses,detxs,detys,detrad,racent,deccent,q_mean,flags
754741679.995,754743383.995,754742542.2070165,754741685.255,754743381.735,0.042471087607195694,0.01461626433720524,8.749044047082313e-18,3.0109504534642793e-18,23.509766543440676,0.32111628913364854,0.45798243820030393,,,,,,,,0.1850808291458106,0.010984622451978072,3.812665080403698e-17,2.262832225107483e-18,21.9115964089169,0.06259909397502028,0.0664303196637519,243.0,283.8916400574333,1277.0,1093.7306040937542,1533.8792319423717,218.74612081875077,,0.8561355039566934,450.22894287109375,418.15631103515625,53.409721328171486,54.712107749278644,-35.57502794867988,16.164609909057617,0.0
784344665.995,784345286.995,784344978.6652193,784344666.86,784345281.11,0.03380021915184103,0.026890291823327868,6.962845145279252e-18,5.53940011560554e-18,23.75770120965152,0.6355031946185044,1.7236150905062146,,,,,,,,0.2185320442632883,0.019795132957012886,4.5017601118237385e-17,4.0777973891446546e-18,21.73121217904116,0.0941461019847516,0.1030914812179411,114.0,121.87465815539986,549.0,515.1218923471846,557.696966439232,103.02437846943688,,0.9355398687304554,224.1905517578125,685.5208129882812,335.30746597818467,54.71206880647005,-35.57491075165179,8.368420600891113,32.0
784373195.995,784374899.995,784374065.7182841,784373204.71,784374894.095,0.027927384848884074,0.01523826167406394,5.753041278870119e-18,3.1390819048571715e-18,23.964924325523135,0.4727699506152483,0.8564966415989801,,,,,,,,0.1924224273415419,0.011188693283696852,3.963902003235763e-17,2.3048708164415513e-18,21.86936077795136,0.061364513369110085,0.06504162567791383,271.0,295.76899136221834,1380.0,1264.2115961821441,1537.0816980561237,252.84231923642875,,0.9164981927343143,646.24462890625,244.9208984375,291.00849645089227,54.71205727265762,-35.57497171293163,10.977859497070312,32.0
784379111.995,784380816.995,784379989.2562852,784379116.57,784380801.41,0.00703160149621811,0.016127603538189365,1.4485099082209307e-18,3.322286328867009e-18,25.462364375302705,1.2941734944723358,,,,,,,,,0.18567003027572304,0.011513466856380567,3.8248026236798946e-17,2.3717741724143966e-18,21.908145479426494,0.06532189127958077,0.06950490479530558,249.0,260.0586994083152,1305.0,1251.049439259378,1400.6498465160141,250.20988785187552,,0.9577047088660332,694.8128662109375,361.0874328613281,297.36982692403376,54.71204803484232,-35.57507216157392,10.10441780090332,32.0
784414814.995,784416316.995,784415599.8605348,784414823.315,784416307.855,-0.0008286277981363896,0.015274702149395613,-1.7069732641609625e-19,3.1465886427754962e-18,,,,,,,,,,,0.15517007144567233,0.01078645481195058,3.19650347178085e-17,2.2220096912618196e-18,22.102980099759595,0.07296593914966465,0.07822510983709208,187.0,206.94667993949201,1151.0,1040.2590068629484,1333.6765138498215,208.0518013725896,,0.9038056390637278,631.0835571289062,209.6029815673828,299.41715883258735,54.71202171643908,-35.57501368381476,10.748662948608398,32.0
784432899.995,784434066.995,784433428.1113018,784432914.72,784434060.855,-0.0044306481026418175,0.01854675388139391,-9.127135091442144e-19,3.820631299567145e-18,,,,0.06895710519866619,0.01647991023975072,1.4205163670925232e-17,3.3948615093886483e-18,22.98355244592506,0.23266761789885138,0.29652102199845487,0.17213510217638708,0.013030951402493779,3.545983104833574e-17,2.684375988913718e-18,21.990326395839475,0.07922982234842735,0.08546982954621996,169.0,174.4964648949101,925.0,894.9394648639674,1013.7180777695379,178.98789297279342,104.59340076436641,0.9687057722991262,700.455322265625,433.1463623046875,302.2781533815737,54.712093374433884,-35.57491735672322,9.852070808410645,32.0
784532945.995,784534651.995,784533813.0302198,784532946.435,784534651.45,-7.404528436792739e-05,0.01583030291198108,-1.525332857979304e-20,3.261042399868102e-18,,,,,,,,,,,0.1889246134322401,0.011192617909439321,3.891847036704146e-17,2.3056792893445e-18,21.889278644350387,0.062489858624712014,0.06630731303305382,273.0,284.91395944383424,1489.0,1425.1281293169366,1508.0827969830505,285.02562586338723,,0.9583596173898639,640.0112915039062,585.8369750976562,303.5470331971966,54.712115329095525,-35.574969287208596,9.40293025970459,32.0
784580280.995,784581985.995,784581142.9902942,784580282.585,784581982.71,0.005537954251869329,0.015237743435086474,1.1408185758850816e-18,3.1389751476278133e-18,25.72162659052756,1.4355156333414918,,,,,,,,,0.1795405326748687,0.010858772187564822,3.698534973102295e-17,2.2369070706383534e-18,21.94459372662972,0.06375712279392332,0.06773596091000655,255.0,273.3780081440731,1420.0,1324.728115498982,1522.6534313515454,264.94562309979636,,0.9331019029779849,680.0941162109375,290.30999755859375,300.806599946846,54.71215618340397,-35.57497728779553,10.149019241333008,32.0
784586231.995,784587902.995,784587080.9016008,784586234.675,784587898.625,-0.0009655982475153369,0.016053700184212434,-1.989132389881594e-19,3.3070622379477614e-18,,,,,,,,,,,0.19229137395164173,0.011337456321972549,3.9612023034038197e-17,2.335516002326345e-18,21.870100493631934,0.06219865989510964,0.06597953145011815,278.0,287.6658785926007,1494.0,1445.5520172162587,1495.9895115469099,289.1104034432517,,0.9665326116810457,669.5870971679688,529.3500366210938,299.0127671744638,54.71221032678106,-35.574989790210715,9.80215835571289,32.0
784598400.995,784599735.995,784599073.8664551,784598406.055,784599732.4,0.0019478688938042335,0.01688682935314316,4.012609921236721e-19,3.4786868467474904e-18,26.85610069437955,2.463497361151788,,,,,,,,,0.170724641700379,0.011974997340842607,3.516927619027807e-17,2.466849452213577e-18,21.9992594751549,0.0736036984546864,0.07895862226363093,189.0,203.2551547693444,1079.0,1004.6806581815974,1190.5437477857256,200.93613163631946,,0.9302904298242147,671.5661010742188,296.4327392578125,290.64467094769356,54.71201315242012,-35.57511436083217,10.492063522338867,32.0
784603948.995,784605652.995,784604770.6514795,784603957.895,784605642.435,0.018249541061984734,0.015923805529891016,3.759405458768855e-18,3.280303939157549e-18,24.426870131683657,0.6810889099079986,2.236729048356864,,,,,,,,0.20149894257573264,0.01152377767919028,4.150878217060092e-17,2.3738982019131976e-18,21.819318071508533,0.060382887090320025,0.06393985312727324,294.0,305.74249165052197,1443.0,1390.2586260774704,1517.340427409984,278.051725215494,,0.9618372677105718,610.8245239257812,602.7756958007812,292.5148931183219,54.712137635372315,-35.57503895340792,10.183673858642578,97.0
785012225.995,785013920.995,785013105.3608949,785012232.35,785013915.45,-0.01338819776530397,0.015546438039775621,-2.757968739652618e-18,3.202566236193778e-18,,,,,,,,,,,0.1766210178667227,0.010790410186188667,3.638392968054488e-17,2.2228244983548654e-18,21.962394041811105,0.06438421668827843,0.06844422769622582,257.0,267.92229708281724,1504.0,1441.1564980746411,1516.9332637692644,288.23129961492816,,0.9593987110826895,707.4697875976562,392.9933776855469,307.5496106998109,54.712068736555715,-35.574949414773734,9.521400451660156,32.0
786219249.995,786220898.995,786220065.2501742,786219250.785,786220898.33,0.027003232478442288,0.015972223622333453,5.562665890559111e-18,3.290278066200691e-18,24.001460611498665,0.5045118479329815,0.9720013053598073,,,,,,,,0.20335153925569374,0.01168877243388131,4.189041708667291e-17,2.4078871213795495e-18,21.809381339710765,0.060681041863524854,0.06427427708167954,287.0,302.6614589141707,1382.0,1312.3538676325074,1488.365713984613,262.47077352650143,,0.9484008554009911,709.8116455078125,359.6836242675781,312.42385607449427,54.7121087448282,-35.57498679341642,9.780488014221191,32.0
786225167.995,786226813.995,786226000.5704417,786225182.23,786226809.895,-0.018161874060686388,0.016340716831675366,-3.741346056501396e-18,3.3661876673251254e-18,,,,,,,,,,,0.18933718108583045,0.011287126610257204,3.900345930368107e-17,2.325148081712984e-18,21.886910232723668,0.06286911050055366,0.06673449006254017,283.0,281.3876422413008,1532.0,1541.896566752721,1486.1721328455924,308.3793133505441,,1.0058710517192444,143.175048828125,607.0462646484375,329.88969557915385,54.71204167871166,-35.57499887513145,9.014134407043457,32.0
787320430.995,787321489.995,787320960.1209638,787320433.185,787321487.995,0.05960788789254111,0.019816326369718168,1.2279224905863467e-17,4.0821632321619424e-18,23.141740666021235,0.31162298371622654,0.43878187820635617,,,,,,,,0.21199877514162688,0.015114952905882863,4.367174767917514e-17,3.1136802986118695e-18,21.764166620682474,0.07477508629663276,0.08030829926164529,166.0,196.72207956233495,839.0,707.0477701100415,927.9396988539852,141.40955402200825,,0.8441630959870574,458.4929504394531,101.91343688964844,303.77133564254206,54.71195253698198,-35.57497736766723,10.548192977905273,32.0
848459448.995,848459744.995,848459593.5759091,848459449.31,848459744.76,0.09449481051232943,0.04017526232556751,1.9465930965539862e-17,8.276104039066906e-18,22.64148010379945,0.384657841336125,0.6011295238005587,,,,,,,,0.2632184288609121,0.031362027138064276,5.42229963453479e-17,6.460577590441241e-18,21.529209268720273,0.12221909398411768,0.13774300232487136,66.0,70.44080856839155,241.0,225.76360159301512,267.61351351129497,45.152720318603016,,0.9371782827945997,673.7254638671875,511.5618591308594,295.5870057733267,54.712033657562365,-35.57500134862224,9.333333015441895,32.0
848471287.995,848472346.995,848471822.0548944,848471311.25,848472345.375,0.005188437935469615,0.020796693157085273,1.0688182147067406e-18,4.284118790359566e-18,25.79240843491489,1.749220715263462,,,,,,,,,0.1826288220929716,0.01481105356048665,3.762153735115215e-17,3.0510770334602498e-18,21.926076704899184,0.0846638769916126,0.09182844011658275,142.0,152.04310536646094,789.0,738.6179989429678,832.5252477895287,147.7235997885935,,0.9340887143631512,673.626708984375,501.5671081542969,291.8688975009953,54.712117107820404,-35.5750617812204,8.704225540161133,32.0
848477207.995,848478575.995,848477885.3342627,848477213.47,848478571.835,0.01030316280636572,0.017291115751654304,2.122451538111338e-18,3.561969844840787e-18,25.047573593940452,1.0696212041521527,,,,,,,,,0.18851638636466583,0.012397227842602321,3.883437559112116e-17,2.5538289355760783e-18,21.891627234355674,0.06915064982964836,0.07385626119118172,217.0,231.2325915508331,1164.0,1092.974099670563,1226.5914704281308,218.59481993411254,,0.9386329327479201,691.8108520507812,476.55889892578125,301.6866559517191,54.71210003220786,-35.57509771942214,8.880184173583984,32.0
848494967.995,848496323.995,848495658.1596808,848494978.635,848496323.41,0.026817963581425425,0.01823146724067952,5.524500497773637e-18,3.755682251579981e-18,24.008935508318388,0.5631587789379147,1.236524518739543,,,,,,,,0.2103753723490076,0.013323183491291087,4.3337326703895564e-17,2.744575799205964e-18,21.772512755865,0.06667070680155263,0.07103408569516034,235.0,249.32956363250793,1155.0,1087.729236519425,1185.1651685677175,217.54584730388495,,0.9428502861941619,109.14559173583984,426.7752685546875,292.08423752895396,54.7121028385375,-35.5749135649646,8.31489372253418,32.0
848524568.995,848524651.995,848524620.2803572,848524583.225,848524644.145,0.0734179644398626,0.0689702644158212,1.5124100674611697e-17,1.4207874469659168e-17,22.915494151895196,0.7191793717356845,3.04416712688154,,,,,,,,0.2139787301617415,0.05358150186356621,4.4079618413318745e-17,1.1037789383894638e-17,21.75407348523072,0.24262739497118346,0.3129343665137583,14.0,15.948191681111313,60.0,52.38114164155159,74.5316680263335,10.476228328310315,,0.8780167698002395,625.7323608398438,202.70558166503906,299.80024388992746,54.71217637887641,-35.57505160850577,11.785714149475098,32.0
848548249.995,848548604.995,848548428.4869388,848548259.405,848548596.06,-0.015825321747858348,0.03350029674858855,-3.2600162800588196e-18,6.9010611302092416e-18,,,,,,,,,,,0.16793972221680925,0.023149213611542447,3.4595582776662706e-17,4.768738003977744e-18,22.017116423752086,0.14020527838856722,0.1610333420968395,49.0,52.63012192465664,309.0,287.9478583650506,313.3869773626959,57.589571673010106,,0.9312210701088374,277.2156066894531,675.3409423828125,301.47743164770117,54.712023851449906,-35.5750019579418,8.63265323638916,32.0
848560090.995,848561232.995,848560653.1521912,848560096.15,848561230.08,0.015051811970438048,0.018789772136864797,3.1006732659102378e-18,3.870693060194148e-18,24.63602803898023,0.8796547488455673,,,,,,,,,0.18689971909839345,0.013562236698079733,3.850134213426905e-17,2.7938207598044248e-18,21.900978378362836,0.07605828639682954,0.08179041047438673,178.0,189.91298407935471,932.0,873.0925067169447,1016.1223622780028,174.61850134338889,,0.9374360526314339,659.4134521484375,559.4057006835938,304.47580620797635,54.71203666425222,-35.57510270106753,8.32584285736084,32.0
848566010.995,848567315.995,848566668.4195455,848566023.955,848567314.275,0.03331939583634083,0.017417821508014728,6.863795542286211e-18,3.588071230651034e-18,23.773257205087056,0.45657381731068014,0.8031424859580696,0.08113917224603323,0.01619440756761676,1.6714669482682846e-17,3.3360479589290523e-18,22.80692356783058,0.19758030909354574,0.24171606338947882,0.1930580312357419,0.012884736330641204,3.976995443456283e-17,2.654255684112088e-18,21.8657803174125,0.07014667921468032,0.07499363072493992,198.0,224.5043057183661,1052.0,928.7883857302703,1162.8850883920254,185.75767714605402,130.14877222898198,0.8821412717482946,652.959228515625,228.2184295654297,305.7732480649467,54.71206650928579,-35.575066923997426,9.38888931274414,32.0
848589693.995,848590981.995,848590344.6322464,848589695.425,848590978.815,0.011291006833693886,0.01808023041259479,2.3259474077409403e-18,3.724527464994527e-18,24.948168324367995,1.0379739276445612,,,,,,,,,0.1928222353171931,0.012976022484830683,3.972138047534178e-17,2.6730606318751206e-18,21.867107217074167,0.07071145181160787,0.07563954052705668,207.0,220.81625879188306,1111.0,1039.4300911842665,1145.1804737593654,207.88601823685326,,0.9376356388762483,102.77359008789062,406.594970703125,297.2995667467687,54.7121544852369,-35.57503936007998,8.222222328186035,32.0
848595614.995,848596898.995,848596246.4481795,848595628.92,848596897.57,0.0048276739979549515,0.018607275661284298,9.9450084357872e-19,3.8330987862245654e-18,25.87065516130285,1.7153152236692506,,,,,,,,,0.19055471430020834,0.01324146570945468,3.9254271145842915e-17,2.727741936147664e-18,21.879950755917015,0.0729408540592722,0.07819627740310153,195.0,207.0938847542867,1074.0,1009.235967248583,1086.7948636947488,201.84719344971657,,0.9417795467241545,693.9453735351562,439.3749694824219,296.57085299210405,54.712132392385854,-35.57503357755627,8.728204727172852,32.0
848607455.995,848608731.995,848608178.5462319,848607474.18,848608726.59,0.024821844677465923,0.033158979353123764,5.11330000355798e-18,6.830749746743495e-18,24.0929148657682,0.9211258240415425,,,,,,,,,0.20849403147649498,0.024177582713027123,4.294977048415796e-17,4.980582038883587e-18,21.78226593246806,0.11912443953730545,0.13382383191990144,69.0,74.36378705981797,352.0,327.55276712738737,356.6710592777881,65.51055342547747,,0.9281241666083851,345.8011474609375,688.6329345703125,293.6775213311726,54.712114927989944,-35.57526124206005,10.144927978515625,36.0
848642981.995,848643820.995,848643389.3220947,848642986.475,848643816.7,0.03293630696480486,0.022776067529237325,6.784879234749801e-18,4.691869911022889e-18,23.785812745969796,0.5706919178177294,1.2769273974674178,,,,,,,,0.21054732534288093,0.016774482974585704,4.337274902063347e-17,3.455543492764655e-18,21.771625678012587,0.0832284333787463,0.09014204752842048,148.0,157.54374729158405,708.0,664.4944396702267,748.2581269318935,132.8988879340453,,0.939581493987064,582.4595947265625,637.3687133789062,299.39173301702704,54.71206900620144,-35.575032582016256,9.054054260253906,32.0
848862517.995,848863206.995,848862882.8204504,848862522.325,848863202.89,0.004125212545961897,0.02513108959092526,8.497937844681507e-19,5.177004455730603e-18,26.041384175263715,2.1269327563061893,,,,,,,,,0.1955413200481803,0.017864834453123916,4.028151192992514e-17,3.6801558973435265e-18,21.851903643332854,0.0949209934651023,0.10402146824621283,111.0,119.80614472660204,633.0,586.3933482898417,612.6896591323126,117.27866965796831,,0.9268517894419669,103.07862854003906,380.50933837890625,297.560391719214,54.71217138757792,-35.57506197283988,7.936936855316162,32.0
848903519.995,848904172.995,848903848.0437746,848903522.13,848904161.285,0.010616410603301877,0.025253993211616938,2.1869805842801865e-18,5.202322601593089e-18,25.015055732306163,1.3218963968566761,,,,,,,,,0.19041201754740747,0.018111505717502346,3.922487561476594e-17,3.730970177805483e-18,21.880764113226782,0.09865174888608053,0.10851946789816225,102.0,110.5298536050386,567.0,521.8363412753943,580.4772988003219,104.36726825507883,,0.9230937208793385,695.7176513671875,333.13128662109375,303.183697053578,54.7119919206692,-35.575016158434586,9.911765098571777,32.0
848927196.995,848928325.995,848927755.0388957,848927204.605,848928317.72,-0.01620512661854848,0.020213438514271008,-3.338256083420987e-18,4.163968333939828e-18,,,,,,,,,,,0.18399990670175914,0.01398838339077088,3.790398078056238e-17,2.881606978498801e-18,21.91795599300498,0.07955475529282907,0.08584811030271666,163.0,173.02153151180747,1001.0,941.2988871129928,940.3348871923819,188.25977742259852,,0.9422988277272134,95.84818267822266,420.8238220214844,304.86383771074304,54.71194421726874,-35.57504041719833,7.8834357261657715,32.0
848945008.995,848946086.995,848945560.051872,848945031.77,848946084.025,0.05385280032933926,0.021133974372203407,1.1093676867843886e-17,4.353598720673902e-18,23.251979271492583,0.3594409572847326,0.5410264495578936,0.11710287147474839,0.019495674487375745,2.412319152379817e-17,4.016108944399403e-18,22.408581138699354,0.16719632988914768,0.19771425830534994,0.2391320321019592,0.015863777240951553,4.9261198613003597e-17,3.2679381116360197e-18,21.63340561394144,0.0697382219458973,0.07452694155473694,211.0,227.22823918030033,949.0,880.2809314651047,950.2208348374531,176.05618629302091,115.95465088570194,0.9288407862752056,100.92222595214844,380.5449523925781,299.70988273132537,54.712072008174516,-35.575013504373324,7.981042861938477,97.0
848951438.995,848952006.995,848951716.7383331,848951447.69,848952005.605,0.017973872785957974,0.026863886094836725,3.7026177939073424e-18,5.533960535536365e-18,24.44339584112329,0.9925055840914219,,,,,,,,,0.19144403367911467,0.01945782875486036,3.943747093789762e-17,4.008312723501235e-18,21.87489540954842,0.10509644686805686,0.1163705569841973,90.0,96.80436010184347,472.0,438.5790353271752,505.6535753112071,87.71580706543502,,0.9299184064172239,98.73519897460938,385.0496520996094,301.63553046551215,54.71187759060841,-35.575034306324994,7.911110877990723,32.0
848986398.995,848986759.995,848986597.5871874,848986399.76,848986757.31,-0.02447821277484398,0.03381801042100231,-5.0425118316178596e-18,6.966510146726476e-18,,,,,,,,,,,0.16513739887079648,0.023073194581744786,3.4018304167384074e-17,4.753078083839426e-18,22.0353864009755,0.14199656119703263,0.16340194111842976,48.0,51.22422801752153,314.0,294.0858156006649,310.191563920656,58.81716312013297,,0.9372974002579703,102.68124389648438,406.116943359375,297.38167348880734,54.71178292317893,-35.57510068743074,7.625,32.0
848992318.995,848993060.995,848992688.0471951,848992329.285,848993054.445,0.08150674291728989,0.023722068098876906,1.6790389040961717e-17,4.8867460283686425e-18,22.802016153283915,0.277352811579739,0.37345216261532244,,,,,,,,0.22598475134779358,0.018527628634547995,4.655285877764548e-17,3.816691498716887e-18,21.69480216130111,0.08555429358930411,0.09287696310557791,123.0,148.77110768050113,577.0,475.5664535214376,658.3236558803934,95.1132907042875,,0.8270304442047,350.06011962890625,105.23666381835938,298.96390418980354,54.7121150956954,-35.574928145596836,8.918699264526367,32.0
849027836.995,849028976.995,849028367.5154146,849027839.04,849028973.625,0.03226347643024004,0.018916332549482166,6.646276144629448e-18,3.896764505193326e-18,23.808222096620128,0.5009687481725571,0.9583070480294396,,,,,,,,0.1988998825140138,0.013953686282625732,4.097337579788684e-17,2.8744593742209005e-18,21.833413683510308,0.07361602387699406,0.07897280735178214,181.0,203.18476639018928,952.0,851.1312026503277,1021.5429180853015,170.22624053006552,,0.8911737568554953,135.83380126953125,273.4437561035156,292.91681996923967,54.71209735960811,-35.57503631654464,8.845303535461426,32.0
852056630.995,852058301.995,852057441.0155103,852056646.34,852058301.365,0.05403946227953837,0.014986994195179662,1.1132129229584903e-17,3.0873208042070104e-18,23.24822245270529,0.26576140051848185,0.3526563319441074,,,,,,,,0.19602792191765384,0.0114131265533704,4.038175191503669e-17,2.3511040699943024e-18,21.849205159987736,0.06144190705041197,0.06512858193349658,245.0,295.00311795398636,1287.0,1068.394693392798,1504.9035620441327,213.67893867855952,,0.8307719495443342,468.8577880859375,458.7975769042969,90.54584490690107,54.71218737620911,-35.57505680501523,15.330612182617188,0.0
852075780.995,852075881.995,852075823.8022223,852075795.575,852075847.635,-0.04074908021528575,0.055778599789549965,-8.394310524348864e-18,1.1490391556647293e-17,,,,,,,,,,,0.11562680573220344,0.036367234016611905,2.3819121980833908e-17,7.491650207422052e-18,22.422353679666692,0.29692007461165204,0.41001701717038586,9.0,10.108728069443,77.0,68.3561782084732,87.42547202121315,13.671235641694635,,0.8904107939481738,436.0115051269531,574.314208984375,177.995145875827,54.7119893289158,-35.57519918711316,11.777777671813965,0.0
852441195.995,852442072.995,852441672.3398076,852441198.51,852442065.78,0.03539595429415144,0.019125118340260365,7.291566584595196e-18,3.939774378093635e-18,23.707615935905476,0.46902691453399115,0.8438593979730946,,,,,,,,0.16215607135685609,0.01432797449355071,3.340415069951235e-17,2.951562745671446e-18,22.05516696518924,0.09193059343221677,0.10044057021505992,104.0,128.08457406837746,618.0,500.629284706327,789.8845414582249,100.12585694126537,,0.8122730860618413,483.78875732421875,367.9178161621094,89.72080234675252,54.712099874353235,-35.574948701064905,14.826923370361328,0.0
879324895.995,879326268.995,879325579.6467812,879324896.035,879326268.82,7.282237195103109,0.0780851532377945,1.5001408621912404e-15,1.6085541566985665e-17,17.92433794861685,0.011580035764982455,0.011704876575787893,7.329210738030321,0.07784295662897552,1.509817412034246e-15,1.6035649065568957e-17,17.917356976962534,0.011470709257690004,0.011593191476066522,7.4331138359314055,0.07730453450844862,1.5312214502018695e-15,1.5924734108740416e-17,17.902073040137694,0.011233365641661663,0.011350805678461029,7357.0,9245.526103396107,1179.0,938.3240671141541,1243.8294781257844,187.66481342283078,129.23773603795863,0.7959844412310884,379.69036865234375,455.7540588378906,59.3379827966596,54.71226816948344,-35.57527840645695,14.40804672241211,0.0
882555086.995,882556786.995,882555941.5810889,882555087.11,882556786.7,1.156408842665473,0.03032165305205352,2.3822022158908744e-16,6.246260528723025e-18,19.92222149021588,0.028101746928424376,0.028848464885623315,,,,,,,,1.288294147682363,0.028879440733660645,2.653885944225668e-16,5.9491647911340924e-18,19.80496241516873,0.0240699496182053,0.024615683542538846,1639.0,1989.997407437373,1239.0,1018.6005095763558,1544.6762767783832,203.7201019152711,,0.8237967828949323,447.4798278808594,437.7388000488281,60.65106004614809,54.71232532376627,-35.57520924940122,14.59304428100586,0.0
884070047.995,884070713.995,884070364.8446882,884070048.445,884070713.355,0.6620454782057544,0.0392161852910202,1.363813685103854e-16,8.07853416995016e-18,20.52778044084406,0.062480684793964514,0.06629698385672711,0.6818240827446197,0.03879370953687791,1.4045576104539166e-16,7.99150416459685e-18,20.49581915774441,0.06008160971245857,0.0636021245446372,0.7924942139712334,0.03633925066115102,1.6325380807807409e-16,7.48588563619711e-18,20.33250974974568,0.048677943863260964,0.05096323235470379,385.0,475.59826862878276,485.0,391.42994220729673,600.1283797966586,78.28598844145932,66.41628654491123,0.8097207300573367,398.6401062011719,341.72796630859375,58.28789944470873,54.71220967095349,-35.57521551367172,14.49610424041748,0.0
884081886.995,884083007.995,884082407.7563126,884081889.29,884083006.795,0.5678149796535016,0.028097446784638186,1.1696988580862133e-16,5.7880740376354664e-18,20.69448288609883,0.05243899052858225,0.05510079773332066,0.5666532141545602,0.028117966955057645,1.1673056211583938e-16,5.792301192741875e-18,20.696706608740783,0.052581401656247806,0.05525805827778285,0.6814520539527439,0.026012171113707846,1.4037912311426524e-16,5.358507249423816e-18,20.49641173782075,0.04067294637144414,0.042256101628026954,560.0,686.3053830257502,703.0,572.2320106784464,1007.1220404206792,114.44640213568925,115.61644177547335,0.8161805710787838,451.20751953125,376.88336181640625,56.1835297703387,54.71226600510673,-35.57518113984488,14.598214149475098,193.0
941187423.995,941188773.995,941188114.0478358,941187429.14,941188759.425,0.012129037987382645,0.016807140038702612,2.498581825400825e-18,3.462270847972738e-18,24.87043410940396,0.9440370286597073,,,,,,,,,0.17781134248385574,0.012092447055728426,3.662913655167428e-17,2.4910440934800556e-18,21.955101347713814,0.0714354256926093,0.076468577491422,201.0,216.217346209109,1085.0,1007.3426051346952,1215.992991159944,201.468521026939,,0.9298053796199217,333.1171569824219,675.861328125,283.8534605126436,54.712140499452524,-35.57497886509144,8.800994873046875,0.0
941193342.995,941194690.995,941194007.042207,941193343.33,941194690.36,0.05177830179258504,0.018069845086272372,1.0666330169272518e-17,3.722388087772109e-18,23.294630493781632,0.32501771493353715,0.46602233266402493,,,,,,,,0.2252287837431069,0.013581713040993471,4.639712945108002e-17,2.797832886444655e-18,21.69844027098612,0.06357380111629496,0.0675290739993386,256.0,275.0037921778222,1139.0,1058.9130638353472,1220.997545728827,211.78261276706937,,0.9310801139298917,290.47796630859375,659.6431884765625,281.7971986840488,54.712137846550405,-35.57508068523243,8.703125,0.0
942169592.995,942171146.995,942170446.8091346,942169593.105,942171140.855,0.06583145549877654,0.014441306536478763,1.3561279832747967e-17,2.9749091465146253e-18,23.033916356949312,0.2153368731813643,0.2688839516588182,,,,,,,,0.18076596510326812,0.011291166402215546,3.723778881127323e-17,2.3259802788564023e-18,21.937208339508746,0.06578443479357787,0.07002884365363116,208.0,256.3041940018336,1005.0,814.815909354018,1417.8786026197572,162.96318187080357,,0.8117056376614374,478.1294250488281,422.7231750488281,81.36676067510699,54.712184968695624,-35.57502870915609,13.826923370361328,0.0
943606802.995,943608500.995,943607650.7306459,943606805.76,943608490.11,0.015616695964287332,0.01445102975791452,3.2170393686431903e-18,2.976912130130391e-18,24.59602711184803,0.7112785617425388,2.8175373729093245,,,,,,,,0.1699697173793634,0.0104615460736699,3.501376178014886e-17,2.1550784911759994e-18,22.004071119297613,0.06485059489521205,0.06897154055679877,240.0,263.96804771300845,1319.0,1198.5742622199807,1553.0298678078389,239.71485244399608,,0.9094177616524732,653.7266235351562,391.7727355957031,253.85997591217313,54.71204539859913,-35.575075303850234,10.0625,0.0
943612717.995,943614415.995,943613546.1564754,943612729.87,943614407.455,0.010853770553117169,0.014811530837507756,2.235876733942137e-18,3.0511753525265976e-18,24.991048408929394,0.9344143304229817,,,,,,,,,0.17408872151967275,0.010640495566664283,3.5862276633052584e-17,2.1919420867328423e-18,21.978073410237016,0.0644123842988833,0.06847606185561972,244.0,267.6810095793147,1377.0,1254.960576766021,1537.6125876659141,250.99211535320413,,0.9117339806330985,628.315673828125,474.00860595703125,240.01108447589226,54.71208588899488,-35.57507136725044,10.364753723144531,0.0
943618631.995,943620331.995,943619449.8845239,943618634.255,943620321.885,0.00720017869179514,0.014253641020680788,1.4832368105097989e-18,2.9362500502602423e-18,25.43664181312405,1.1854033798764476,,,,,,,,,0.16147294723684322,0.010193116072118565,3.3263427130789704e-17,2.0997819108564244e-18,22.059750569553426,0.06646168930799234,0.07079685258516477,231.0,250.9490783405256,1303.0,1198.7955178224292,1554.1245926009,239.7591035644858,,0.9206466488337768,615.2783813476562,511.1360168457031,242.27256492635587,54.71207005533452,-35.575016412170655,10.043290138244629,64.0
943636377.995,943638076.995,943637251.3030335,943636385.655,943638071.67,0.0034046506797468603,0.0147298853822344,7.013580400278532e-19,3.0343563887402865e-18,26.24981860118472,1.816084724811148,,,,,,,,,0.16938363194744424,0.010468338692338592,3.489302818117351e-17,2.1564777706217498e-18,22.007821397916967,0.06510939979057184,0.06926436792697999,239.0,261.8106753542137,1402.0,1282.741097256178,1545.6669121101818,256.5482194512355,,0.9131143408921852,655.5078735351562,426.23260498046875,256.8509743071237,54.71209824794062,-35.574996460092805,9.673640251159668,0.0
943671867.995,943673568.995,943672779.5608367,943671876.805,943673567.72,0.03521585999799742,0.01481019501330917,7.254467159587469e-18,3.050900172741689e-18,23.713154253354176,0.3811448942138753,0.5924688660650901,,,,,,,,0.18577141234693076,0.011007010344849185,3.8268910943467735e-17,2.267444131038932e-18,21.90755279279907,0.06249648053167789,0.06631476901348421,257.0,284.85183170069,1277.0,1154.2686874558647,1533.3458905330663,230.85373749117286,,0.902404219787483,627.848876953125,427.6501159667969,229.52045582426334,54.71201720520033,-35.57503642172824,10.9688720703125,0.0
