objID,detectID,filterID,randomDetID,obsTime,ra,dec,raErr,decErr,extNSigma,airMass,psfFlux,psfFluxErr,psfMajorFWHM,psfMinorFWHM,psfTheta,psfCore,psfQf,psfQfPerfect,psfChiSq,psfLikelihood,apFlux,apFluxErr,apFillF,apRadius,sky,skyErr,infoFlag,infoFlag2,infoFlag3,kronFlux,kronFluxErr,kronRad
102060313115297212,138454718520000217,2,0.614645856073728,55485.5474232,31.31155273,-4.94436304,0.015323099680244923,0.015323099680244923,10.954299926757812,1.3535499572753906,6.732589827151969e-05,1.8901199609899777e-06,1.5961799621582031,1.5190900564193726,4.270730018615723,0.17574499547481537,0.9982560276985168,0.9982560276985168,1.1886500120162964,6.336639814019468e-28,0.00010599300003377721,1.160000010713702e-06,0.9167320132255554,3.847949981689453,1.9435199646977708e-05,2.149720103261643e-06,102776839,128,7374912,0.00010291000216966495,3.750509904421051e-06,3.810270071029663
102060313115297212,138455810520000242,2,0.536763798014041,55485.5583444,31.31157437,-4.94436436,0.016958700492978096,0.016958700492978096,9.090510368347168,1.426859974861145,7.518970232922584e-05,2.3361199055216275e-06,1.9894200563430786,1.8384000062942505,19.068500518798828,0.27243998646736145,0.9994980096817017,0.9994980096817017,1.3901699781417847,9.857259974436397e-20,0.00011025700223399326,1.1842799949590699e-06,0.9284039735794067,4.617690086364746,2.134990063495934e-05,2.3152699668571586e-06,35667969,128,7374912,0.00010353599645895883,4.438019914232427e-06,4.366000175476074
102060313115297212,132362351310000215,4,0.079753716550538,55424.6237018,31.31158437,-4.94436741,0.01433860044926405,0.01433860044926405,11.465900421142578,1.1098899841308594,0.00011276300210738555,2.961719928862294e-06,1.047950029373169,0.9650670289993286,-61.04880142211914,0.179734006524086,0.9978960156440735,0.9978960156440735,1.1084100008010864,1.9579699707296326e-30,0.00016064400551840663,2.0374200175865553e-06,0.8606160283088684,2.3092401027679443,5.062649870524183e-05,4.6468198888760526e-06,102776839,128,7374912,0.00016565900295972824,5.848040018463507e-06,2.708549976348877
102060313115297212,132363017410000242,4,0.0557370484394366,55424.6303539,31.311726,-4.94423643,0.03551189973950386,0.03551189973950386,0.19139200448989868,1.1124099493026733,5.199629958951846e-05,3.3823700960056158e-06,1.195180058479309,0.9454240202903748,47.285701751708984,0.18061000108718872,0.7967709898948669,0.7967709898948669,1.1398999691009521,0.8482180237770081,4.825040014111437e-05,1.1084899824709282e-06,0.4870139956474304,2.5657999515533447,7.14033012627624e-05,5.441359917313093e-06,35651585,128,32768,4.609379902831279e-05,3.4861200219893362e-06,1.739169955253601
102060313115297212,132962547410000401,4,0.0169867808157455,55430.6256509,31.31171522,-4.94416351,0.06498949974775314,0.06498949974775314,3.1668100357055664,1.121809959411621,2.160179974453058e-05,2.5717699827509932e-06,0.8958060145378113,0.813621997833252,63.446800231933594,-0.08448930084705353,0.8242980241775513,0.8242980241775513,1.1957999467849731,0.0015411899657920003,3.235529948142357e-05,9.673100294094183e-07,0.47249099612236023,2.0525200366973877,6.19983984506689e-05,5.5384398365276866e-06,35651585,0,0,5.062809941591695e-05,6.304469934548251e-06,3.4576499462127686
102060313115297212,138340832220000245,3,0.936336697951273,55484.4085884,31.31158675,-4.94435339,0.01113780029118061,0.01113780029118061,18.343700408935547,1.160230040550232,7.264610030688345e-05,1.4826999858996714e-06,1.0025800466537476,0.888621985912323,-18.13319969177246,0.2653470039367676,0.9967190027236938,0.9967190027236938,1.2992299795150757,0.0,0.00011296199954813346,1.2073300013071275e-06,0.8606160283088684,2.3083200454711914,2.635440068843309e-05,2.358739948249422e-06,102776839,128,7374912,0.00013690699415747076,3.552330099410028e-06,3.3556299209594727
102060313115297212,138341907220000247,3,0.232107615314524,55484.4193381,31.31157874,-4.94436836,0.010895599611103535,0.010895599611103535,17.612899780273438,1.1389100551605225,7.476509927073494e-05,1.4927600204828195e-06,1.0541399717330933,1.0255000591278076,23.76689910888672,0.02910649962723255,0.9981290102005005,0.9981290102005005,1.35903000831604,0.0,0.00011418099893489853,1.2122000043746084e-06,0.8645449876785278,2.3083300590515137,2.4530099835828878e-05,2.2243300463742344e-06,102776839,128,7374912,0.0001311310043092817,3.3462799819972133e-06,3.234110116958618
102060313115297212,97656508210000202,5,0.289059501410517,55077.5652633,31.31155872,-4.94436625,0.03925260156393051,0.03925260156393051,10.49779987335205,1.1096400022506714,0.0001803030027076602,1.2984600289200898e-05,1.641700029373169,1.4431400299072266,-36.105201721191406,0.2795970141887665,0.9989460110664368,0.9989460110664368,3.060080051422119,8.839100161339929e-26,0.000403393991291523,4.788780188391684e-06,0.9124879837036133,3.8426599502563477,0.00031308201141655445,1.650609920034185e-05,35667969,0,124782656,0.0003106319927610457,2.350189970456995e-05,3.2280399799346924
102060313115297212,131561513310000278,5,0.885671304432369,55416.6153132,31.31157242,-4.94436294,0.033406101167201996,0.033406101167201996,6.48606014251709,1.1240099668502808,0.00010572100291028619,6.468239917012397e-06,0.9873149991035461,0.8135020136833191,-38.41419982910156,0.0852288007736206,0.9978179931640625,0.9978179931640625,1.0867899656295776,8.811029683641891e-11,0.00015897100092843175,3.4449399208824616e-06,0.8554580211639404,2.052999973297119,0.00014220099546946585,1.287079976464156e-05,35667969,0,7374912,0.00016544299433007836,1.3961100194137543e-05,2.386270046234131
102060313115297212,131562593310000269,5,0.127224589816504,55416.6261176,31.31155774,-4.94435445,0.03362559899687767,0.03362559899687767,3.1460399627685547,1.1140999794006348,0.00010669600305845961,6.570880032086279e-06,0.9821720123291016,0.9237790107727051,-32.7234992980957,-0.062163401395082474,0.9967330098152161,0.9967330098152161,1.076449990272522,0.001654980005696416,0.0001350980019196868,3.173749973939266e-06,0.830590009689331,2.0529699325561523,0.00013780499284621328,1.278020044992445e-05,35667969,0,7374912,0.0001261830038856715,1.1753700164263137e-05,2.005729913711548
102060313115297212,213439424410000242,3,0.65425311648683,56235.3945155,31.31159047,-4.94437123,0.01317569985985756,0.01317569985985756,15.177399635314941,1.109779953956604,6.027689960319549e-05,1.454569996894861e-06,1.0286099910736084,0.8717269897460938,-1.953529953956604,-0.09753129631280899,0.9766150116920471,0.9766150116920471,1.3102799654006958,0.0,8.61549997352995e-05,1.0727300150392693e-06,0.6813820004463196,2.052949905395508,3.2758700399426743e-05,2.512929995646118e-06,102776839,128,124815424,9.28880981518887e-05,2.6280199563188944e-06,2.4295499324798584
102060313115297212,140736028220000158,1,0.986775102081499,55508.3605479,31.31155484,-4.94437,0.021703800186514854,0.020899899303913116,2.3578999042510986,1.1286300420761108,3.8070200389483944e-05,1.2300299658818403e-06,1.1650500297546387,1.1070799827575684,-11.093600273132324,0.19152900576591492,0.9745360016822815,0.9745360016822815,1.1826499700546265,0.018378399312496185,4.4233700464246795e-05,8.02057002147194e-07,0.7129089832305908,2.822999954223633,5.426789812190691e-06,1.6102500239867368e-06,102760453,128,91260992,3.8405101804528385e-05,1.5687700170019525e-06,2.0761098861694336
102060313115297212,213440583410000519,3,0.715418300326372,56235.4060997,31.31158046,-4.94437442,0.015494500286877155,0.013445000164210796,3.639389991760254,1.1104899644851685,6.000250141369179e-05,1.537830030429177e-06,1.1215100288391113,0.9594690203666687,-7.972959995269775,-0.21773399412631989,0.8433910012245178,0.8433910012245178,1.3097200393676758,0.00027328100986778736,6.454179674619809e-05,9.30555017930601e-07,0.5023329854011536,2.053270101547241,3.3348598662996665e-05,2.606870111776516e-06,102760453,128,32768,6.103000123403035e-05,1.684940002633084e-06,1.6395399570465088
102060313115297212,140737151220000296,1,0.708819441226143,55508.3717659,31.31157666,-4.94436805,0.027260499075055122,0.02806840091943741,-1.1966400146484375,1.1164799928665161,3.58280012733303e-05,1.3256200190880918e-06,1.2817200422286987,1.2260199785232544,14.95930004119873,0.11981800198554993,0.8803660273551941,0.8803660273551941,1.2259000539779663,-0.23144599795341492,3.452520104474388e-05,7.078010071381868e-07,0.5526210069656372,3.079509973526001,5.319060164765688e-06,1.6217099982895888e-06,102760453,128,53512256,-999.0,-999.0,-999.0
102060313115297212,287035689400000223,2,0.262847395858585,56971.3571658,31.31159101,-4.94436371,0.020274100825190544,0.020274100825190544,6.519999980926514,1.1258200407028198,5.7769299019128084e-05,2.1553200895141345e-06,1.6461000442504883,1.4766199588775635,79.54100036621094,0.07195480167865753,0.9990649819374084,0.9990649819374084,1.2802799940109253,7.0308703303823e-11,8.267690282082185e-05,9.803189868762274e-07,0.9127050042152405,3.575629949569702,4.520019865594804e-05,3.051819930988131e-06,35667969,128,7374912,7.881980127422139e-05,4.253090082784183e-06,3.5209200382232666
102060313115297212,213240055100000194,3,0.285271149394355,56233.4008164,31.31157599,-4.94434771,0.016602499410510063,0.016602499410510063,8.295550346374512,1.1096299886703491,5.983110168017447e-05,1.830160044846707e-06,1.2330199480056763,1.1732399463653564,-83.69300079345703,-0.411406010389328,0.9982699751853943,0.9982699751853943,0.9057769775390625,1.0808199963968976e-16,8.062989945756271e-05,1.040000029206567e-06,0.8684750199317932,2.2959001064300537,5.1352701120777056e-05,3.0639200758741936e-06,35667969,128,108038208,7.953670137794688e-05,3.580370048439363e-06,2.5060999393463135
102060313115297212,213241327100000191,3,0.396983592209391,56233.4135414,31.31158786,-4.94434051,0.016582200303673744,0.016582200303673744,10.57229995727539,1.1112200021743774,5.962040086160414e-05,1.8211800352219143e-06,1.2425700426101685,1.1883599758148193,-85.29530334472656,-0.4217450022697449,0.9986310005187988,0.9986310005187988,1.0239700078964233,4.0063000569404886e-26,8.618019637651742e-05,1.0773900385174784e-06,0.8645449876785278,2.2962698936462402,4.955210170010105e-05,3.0978999348008074e-06,35667969,128,108038208,8.892550249584019e-05,3.732269988176995e-06,2.6426100730895996
102060313115297212,204262004140000195,5,0.172457995053807,56143.6202247,31.31157189,-4.94435572,0.03756460174918175,0.03756460174918175,4.281670093536377,1.1299400329589844,0.00010373599798185751,7.148700206016656e-06,1.1888799667358398,1.0586700439453125,-25.990999221801758,0.42784300446510315,0.9993209838867188,0.9993209838867188,1.1756000518798828,1.8549300875747576e-05,0.00015619100304320455,3.274079972470645e-06,0.8891630172729492,2.818190097808838,0.00012082500325050205,1.1983400327153504e-05,35667969,0,7374912,0.0001409880060236901,1.4348100194183644e-05,2.829040050506592
102060313115297212,204263148140000190,5,0.0524658728879559,56143.6316613,31.31157695,-4.94432134,0.04096220061182976,0.04096220061182976,6.517690181732178,1.1171000003814697,8.993109804578125e-05,6.75804994898499e-06,1.1339099407196045,0.9472659826278687,-41.764198303222656,0.06828659772872925,0.9984769821166992,0.9984769821166992,1.416890025138855,7.139890068064147e-11,0.00013909800327382982,3.1144099921220914e-06,0.856685996055603,2.3057498931884766,0.00015678899944759905,1.3448499885271303e-05,35667969,0,7374912,0.00013809000665787607,1.4039400412002578e-05,2.507920026779175
102060313115297212,210842541140000174,1,0.472134473241991,56209.4256718,31.31157825,-4.94434512,0.021123399958014488,0.021123399958014488,5.127439975738525,1.155519962310791,2.795610089378897e-05,1.083419988390233e-06,1.3081899881362915,1.2724299430847168,-64.9823989868164,-0.10321400314569473,0.9932489991188049,0.9932489991188049,1.503980040550232,2.9371298637670407e-07,3.66019994544331e-05,7.384629725493141e-07,0.8076130151748657,2.8179500102996826,4.844379873247817e-06,1.6025300055844127e-06,35667969,128,91260992,3.38317004207056e-05,1.7660199773672502e-06,2.6370699405670166
102060313115297212,210843700140000186,1,0.340163583252731,56209.4372539,31.31156308,-4.9443418,0.03498980030417442,0.039696600288152695,-0.8171730041503906,1.134119987487793,2.4311000743182376e-05,1.1580200407479424e-06,1.2708699703216553,1.2291100025177002,61.50360107421875,-0.04648759961128235,0.8279320001602173,0.8279320001602173,1.4352799654006958,-0.4138300120830536,1.9519600755302235e-05,5.391299850998621e-07,0.49982500076293945,2.8177599906921387,4.675820036936784e-06,1.5940800039970782e-06,102760453,128,32768,-999.0,-999.0,-999.0
102060313115297212,204258461150000274,4,0.566436779281531,56143.5848023,31.31157377,-4.94434514,0.019099099561572075,0.019099099561572075,10.297599792480469,1.2140300273895264,9.55279974732548e-05,3.347350002513849e-06,1.0799399614334106,0.9790909886360168,76.20120239257812,0.17815500497817993,0.9980340003967285,0.9980340003967285,1.1217000484466553,7.221119820676082e-25,0.00014551199274137616,1.9555900507839397e-06,0.8817179799079895,2.5617799758911133,7.729059871053323e-05,5.733770194638055e-06,35667969,128,7374912,0.0001362000039080158,6.70297004035092e-06,2.608560085296631
102060313115297212,204259518150000201,4,0.35798847429267,56143.5953677,31.31158605,-4.94436243,0.01669749990105629,0.01669749990105629,9.77023983001709,1.181190013885498,0.00010113399912370369,3.0980800147517584e-06,0.9871780276298523,0.9327539801597595,-71.34760284423828,0.09647209942340851,0.9979940056800842,0.9979940056800842,1.0931299924850464,1.5108800482208368e-22,0.00014890999591443688,1.9787698875006754e-06,0.8684750199317932,2.3056700229644775,7.107500277925283e-05,5.60491980650113e-06,35667969,128,7374912,0.00014435600314754993,6.0098700487287715e-06,2.4106099605560303
102060313115297212,288729380600000183,2,0.714473348776319,56988.2940706,31.31158306,-4.94436043,0.016710499301552773,0.016710499301552773,10.022000312805176,1.153689980506897,5.00899986946024e-05,1.5414999552376685e-06,1.4163399934768677,1.2368500232696533,-70.65399932861328,0.20136100053787231,0.9989050030708313,0.9989050030708313,1.0784399509429932,1.220009993070297e-23,7.488150004064664e-05,9.60444026532059e-07,0.8974570035934448,3.0625,1.5664500097045675e-05,2.063369947791216e-06,35667969,128,57706560,7.380719762295485e-05,2.977579924845486e-06,3.1694300174713135
102060313115297212,212339871530000507,2,0.216257841527702,56224.3989527,31.31163192,-4.94442452,0.08661030232906342,0.08661030232906342,5.056670188903809,1.13018000125885,5.9628400777000934e-05,9.450490324525163e-06,1.444540023803711,1.2933499813079834,86.25569915771484,-0.13054800033569336,0.9997029900550842,0.9997029900550842,1.3353400230407715,4.2664800048441975e-07,0.00012150400289101526,2.1732100776716834e-06,0.8974570035934448,3.0820999145507812,0.0004214530054014176,1.7453399777878076e-05,35667969,0,7342144,0.00010977700003422797,2.116170071531087e-05,3.09158992767334
102060313115297212,288730644600000186,2,0.723885952237887,56988.3067154,31.31159528,-4.94436039,0.017516199499368668,0.017516199499368668,9.12876033782959,1.1312600374221802,4.701729994849302e-05,1.5169699736361508e-06,1.4369499683380127,1.2397600412368774,-62.957401275634766,0.1449429988861084,0.9910969734191895,0.9910969734191895,8.15896987915039,6.928930099838721e-20,6.763570127077401e-05,9.114630188378214e-07,0.8267210125923157,3.061959981918335,1.5687199265812524e-05,2.0355400920379907e-06,35667969,128,124815424,6.521149771288037e-05,2.810119895002572e-06,3.0912399291992188
102060313115297212,212343034530000228,2,0.105859255516771,56224.4305815,31.31158169,-4.94435535,0.020022399723529816,0.020022399723529816,9.415929794311523,1.1093900203704834,4.715620161732659e-05,1.727780045257532e-06,1.235319972038269,1.2150800228118896,76.82759857177734,-0.4406760036945343,0.9976670145988464,0.9976670145988464,1.1521199941635132,4.689009819369651e-21,6.926569767529145e-05,9.583679911884246e-07,0.8785349726676941,2.568419933319092,4.054759847349487e-05,2.9395600904535968e-06,35667969,128,57673792,6.908000068506226e-05,3.6084800285607344e-06,2.722440004348755
102060313115297212,288731929600000163,2,0.0952955503904219,56988.3195606,31.31156662,-4.94436549,0.01652109995484352,0.01652109995484352,8.150219917297363,1.1166900396347046,4.888989860774018e-05,1.487390022703039e-06,1.2723599672317505,1.1168800592422485,-60.38589859008789,0.3601810038089752,0.9867849946022034,0.9867849946022034,1.18094003200531,3.6327699919586163e-16,6.71598972985521e-05,9.088690262615273e-07,0.7944589853286743,2.807529926300049,1.5555700883851387e-05,2.038789943981101e-06,102776839,128,124815424,6.672520248685032e-05,2.6390600851300405e-06,2.8977200984954834
102060313115297212,212335857530000231,3,0.693428922159065,56224.3588451,31.31157611,-4.94437503,0.014399000443518162,0.014399000443518162,18.215499877929688,1.2317500114440918,6.192219734657556e-05,1.6320000213454477e-06,0.9914109706878662,0.9321489930152893,-8.114609718322754,-0.15746000409126282,0.9967280030250549,0.9967280030250549,1.2534899711608887,0.0,0.00010182499681832269,1.1714899983417126e-06,0.830590009689331,2.054219961166382,4.906830145046115e-05,3.170770014548907e-06,102776839,128,7374912,0.00011780299973906949,4.069559963681968e-06,2.9361300468444824
102060313115297212,288733234600000162,2,0.60251752250131,56988.3326109,31.31154443,-4.94439411,0.028222300112247467,0.023279299959540367,4.706779956817627,1.1098699569702148,5.082549978396855e-05,1.6058399978646776e-06,1.358530044555664,1.1725800037384033,-47.86040115356445,0.17109400033950806,0.7901470065116882,0.7825449705123901,1.176300048828125,2.51655001193285e-06,5.5829099437687546e-05,8.308359724651382e-07,0.7208009958267212,2.8069100379943848,1.5963300029397942e-05,2.062030034721829e-06,102760453,128,32768,6.08414011367131e-05,2.6997699933417607e-06,3.027400016784668
102060313115297212,212337118530000266,3,0.636918856424204,56224.3714486,31.31156787,-4.94436216,0.014957999810576439,0.014957999810576439,16.339799880981445,1.1892999410629272,6.167610263219103e-05,1.688659949650173e-06,1.0034199953079224,0.9452720284461975,-19.46179962158203,-0.08676210045814514,0.9992420077323914,0.9992420077323914,1.2370100021362305,0.0,9.716649947222322e-05,1.1503799441925366e-06,0.8455110192298889,2.0541601181030273,4.9216800107387826e-05,3.189890094290604e-06,102776839,128,7342144,0.00010814199777087197,3.9055998968251515e-06,2.8066599369049072
102060313115297212,289726078710000229,3,0.891129354844922,56998.2610505,31.31157857,-4.94436225,0.016598399728536606,0.016598399728536606,15.037199974060059,1.1666699647903442,8.491730113746598e-05,2.596500053186901e-06,1.847540020942688,1.2484899759292603,-46.445899963378906,-0.009458139538764954,0.9991719722747803,0.9991719722747803,1.5118499994277954,0.0,0.0001419509935658425,1.381170022796141e-06,0.9059590101242065,3.316770076751709,7.600350363645703e-05,3.930870207113912e-06,102776839,128,40929344,0.00014634800027124584,5.734520073019667e-06,3.7462100982666016
102060313115297212,289727393710000216,3,0.000558892265482705,56998.2742025,31.31157685,-4.94435468,0.015201699919998646,0.015201699919998646,11.383199691772461,1.139490008354187,7.754829857731238e-05,2.171929963878938e-06,1.4500000476837158,0.9758560061454773,-50.97560119628906,0.06071830168366432,0.9971250295639038,0.9971250295639038,1.4752800464630127,5.069350044813784e-30,0.00011401400115573779,1.2537200291262707e-06,0.872169017791748,2.551029920578003,7.674509834032506e-05,3.841820216621272e-06,102776839,128,7374912,0.00012067100033164024,4.616610112861963e-06,2.969320058822632
102060313115297212,289728712710000204,3,0.0303922202721166,56998.2873931,31.31155545,-4.94437996,0.017334600910544395,0.017334600910544395,11.384300231933594,1.121269941329956,7.671720231883228e-05,2.4504499833710724e-06,1.591249942779541,1.207170009613037,-48.832298278808594,0.2136400043964386,0.9990130066871643,0.9990130066871643,1.421339988708496,5.006419907722739e-30,0.00012039799912599847,1.28187002701452e-06,0.8974570035934448,3.060839891433716,7.619280222570524e-05,3.862940047838492e-06,35667969,128,7374912,0.00013343199680093676,5.347490059648408e-06,3.4781100749969482
102060313115297212,289730030710000186,3,0.317613443655533,56998.300572,31.31157896,-4.94434667,0.01540989987552166,0.01540989987552166,15.7878999710083,1.1114399433135986,8.29561977297999e-05,2.3553300252388e-06,1.4924499988555908,1.1641299724578857,-49.67530059814453,0.18541400134563446,0.9961339831352234,0.9961339831352234,1.5533100366592407,0.0,0.0001388749951729551,1.3720200513489544e-06,0.8620889782905579,3.0610899925231934,7.346350321313366e-05,3.826719876087736e-06,102776839,128,40929344,0.00013649099855683744,4.77719004265964e-06,3.212049961090088
102060313115297212,183227327560000227,5,0.11475222847867,55933.2734574,31.31158643,-4.94436314,0.03517429903149605,0.03517429903149605,7.556910037994385,1.1621700525283813,0.00010993899923050776,7.104079941200325e-06,0.8579090237617493,0.7608330249786377,7.866970062255859,0.12138199806213379,0.9988710284233093,0.9988710284233093,0.89239102602005,4.127569867926756e-14,0.00016632399638183415,3.3818000702012796e-06,0.7990229725837708,1.7908799648284912,0.00021847800235264003,1.4690000170958228e-05,35667969,0,7374912,0.00019647600129246712,1.6533700545551255e-05,2.2872400283813477
102060313115297212,183227913560000229,5,0.553837114529532,55933.2793141,31.31157308,-4.94437223,0.035236600786447525,0.035236600786447525,7.762229919433594,1.1767899990081787,0.00011080600233981386,7.172639925556723e-06,0.8634009957313538,0.7884269952774048,3.855259895324707,0.13458700478076935,0.9979550242424011,0.9979550242424011,0.8707060217857361,8.345210000739334e-15,0.00016701300046406686,3.387199967619381e-06,0.8250070214271545,1.7908999919891357,0.00021803499839734286,1.4650199773313943e-05,35667969,0,7374912,0.00019454999710433185,1.675100065767765e-05,2.2950000762939453
102060313115297212,213239989650000246,3,0.926836471005191,56233.4001594,31.31158394,-4.94436109,0.015154900029301643,0.015154900029301643,14.80370044708252,1.1097500324249268,5.638669972540811e-05,1.570320023347449e-06,0.9073240160942078,0.8256059885025024,-57.8932991027832,0.047050900757312775,0.9985589981079102,0.9985589981079102,1.147189974784851,0.0,8.781329961493611e-05,1.0690299632187816e-06,0.8455110192298889,2.046099901199341,5.250079993857071e-05,3.0881999464327237e-06,102776839,128,57706560,0.00010317499982193112,4.043659828312229e-06,2.854640007019043
102060313115297212,213241261650000245,3,0.96465024907575,56233.4128863,31.31157226,-4.94437411,0.014759399928152561,0.014759399928152561,16.44059944152832,1.1109600067138672,6.290830060606822e-05,1.7063799759853282e-06,1.0598299503326416,0.9687150120735168,-37.94089889526367,-0.15293000638484955,0.9973800182342529,0.9973800182342529,1.1599600315093994,0.0,0.0001022910000756383,1.1491299574117875e-06,0.8645449876785278,2.301650047302246,5.064770084572956e-05,2.9856701075914316e-06,102776839,128,7374912,0.00010698800178943202,3.910549821739551e-06,2.7965500354766846
102060313115297212,288729303050000208,2,0.911026013932215,56988.2932997,31.3115713,-4.9443491,0.01565130054950714,0.01565130054950714,10.857099533081055,1.1553399562835693,5.634360059048049e-05,1.623020011720655e-06,1.7823899984359741,1.57437002658844,89.53009796142578,-0.13221099972724915,0.9988530278205872,0.9988530278205872,1.251039981842041,1.8452500427149324e-27,8.526589954271913e-05,9.838399819273036e-07,0.9195619821548462,3.8305399417877197,1.8459100829204544e-05,1.8699399788602022e-06,102776839,128,24152128,8.148029883159325e-05,3.1926599604048533e-06,3.7626700401306152
102060313115297212,281548571340000305,3,0.92494587872638,56916.4859801,31.31156269,-4.94435905,0.015399199910461903,0.015399199910461903,12.01449966430664,1.164180040359497,7.168250158429146e-05,2.016620101130684e-06,1.4350500106811523,1.3421599864959717,-71.44619750976562,-0.09391409903764725,0.9973379969596863,0.9973379969596863,1.2781399488449097,2.9813400167623417e-33,0.00010277399996994063,1.1596999911489547e-06,0.8626199960708618,2.5726699829101562,3.9110298530431464e-05,2.784500111374655e-06,102776839,128,7374912,0.00011001100210705772,3.992589881818276e-06,3.1710801124572754
102060313115297212,281549840340000320,3,0.783296940646411,56916.4986706,31.31158203,-4.94436389,0.015711700543761253,0.015711700543761253,12.685400009155273,1.13850998878479,6.974390271352604e-05,2.002100018216879e-06,1.4254200458526611,1.344599962234497,-63.42449951171875,-0.08091840147972107,0.9970880150794983,0.9970880150794983,1.2591700553894043,7.12891020388301e-37,0.00010167899745283648,1.1506100463520852e-06,0.8785349726676941,2.5724101066589355,3.997759995399974e-05,2.870960088330321e-06,102776839,128,7374912,0.0001095589977921918,3.983000169682782e-06,3.150820016860962
102060313115297212,281551114340000309,3,0.236035612631622,56916.5114116,31.31158385,-4.9443683,0.01476380042731762,0.01476380042731762,13.909199714660645,1.1211400032043457,7.027079846011475e-05,1.8954599454445997e-06,1.462149977684021,1.4048500061035156,73.30570220947266,-0.3345299959182739,0.9974279999732971,0.9974279999732971,1.259809970855713,0.0,0.0001021209973259829,1.1590899475777405e-06,0.848825991153717,2.3152499198913574,3.631579966167919e-05,2.7532701096788514e-06,102776839,128,7374912,0.00011977800022577867,3.952300176024437e-06,3.2530500888824463
102060313115297212,281552381340000379,3,0.985732956776147,56916.5240846,31.31156952,-4.94436566,0.01480809971690178,0.01480809971690178,12.026599884033203,1.1116100549697876,7.624870340805501e-05,2.0630100152629893e-06,1.5247700214385986,1.415429949760437,58.29180145263672,-0.07443760335445404,0.9943479895591736,0.9943479895591736,1.243109941482544,2.5745499110847194e-33,0.00010834699787665159,1.1936399459955283e-06,0.8753520250320435,2.5723299980163574,3.64498991984874e-05,2.6650600375432987e-06,102776839,128,7374912,0.00011416499910410494,3.837590156763326e-06,3.1671600341796875
102060313115297212,147624944610000246,4,0.345582318814082,55577.2496282,31.31159693,-4.94436381,0.018844999372959137,0.018844999372959137,4.2900800704956055,1.1654900312423706,0.00012348699965514243,4.2779101931955665e-06,1.5866299867630005,1.4990099668502808,-42.46730041503906,0.26792100071907043,0.9982560276985168,0.9982560276985168,1.0599299669265747,1.786110078683123e-05,0.00016386600327678025,2.024409923251369e-06,0.9127050042152405,3.579400062561035,6.0168200434418395e-05,5.065990080765914e-06,35667969,128,7374912,0.0001574159978190437,8.034339771256782e-06,3.502239942550659
102060313115297212,147623847610000234,4,0.626911161119967,55577.2386463,31.31157017,-4.94433176,0.017884600907564163,0.017884600907564163,10.06779956817627,1.142449975013733,0.00012549299572128803,4.125609848415479e-06,1.5082299709320068,1.4237500429153442,-23.47439956665039,0.269118994474411,0.998134970664978,0.998134970664978,1.065000057220459,7.669060384817153e-24,0.0001837169984355569,2.151180069631664e-06,0.9059590101242065,3.3239400386810303,6.009159915265627e-05,5.094880179967731e-06,35667969,128,40929344,0.00018334499327465892,8.297750355268363e-06,3.6153900623321533
102060313115297212,167662054610000199,4,0.373736937878408,55777.6207191,31.31157301,-4.94437072,0.01386720035225153,0.01386720035225153,12.12030029296875,1.1322100162506104,0.00010479299817234278,2.6707500637712656e-06,1.159690022468567,1.1320099830627441,-74.97200012207031,-0.34397199749946594,0.997713029384613,0.997713029384613,1.09197998046875,8.243920043179249e-34,0.00015490800433326513,1.980050001293421e-06,0.8658030033111572,2.5573201179504395,3.240639853174798e-05,3.9598799048690125e-06,102776839,128,7374912,0.00016068700642790645,5.373839940148173e-06,2.8738698959350586
102060313115297212,167662442610000203,4,0.262735134235337,55777.6245998,31.31156792,-4.94435413,0.015201100148260593,0.015201100148260593,11.805500030517578,1.1268399953842163,0.00010848999954760075,3.030929974556784e-06,1.2480000257492065,1.2183799743652344,64.53350067138672,-0.13886800408363342,0.9986910223960876,0.9986910223960876,1.1649399995803833,3.657270023307289e-32,0.00016153999604284763,2.019640078287921e-06,0.8865320086479187,2.813070058822632,4.052769872942008e-05,4.257370164850727e-06,102776839,128,7374912,0.00016733500524424016,6.024130016157869e-06,3.00639009475708
102060313115297212,168656634610000193,4,0.499933476094095,55787.5665185,31.31155566,-4.94436148,0.02124820090830326,0.02124820090830326,7.026020050048828,1.191580057144165,0.00010909500269917771,4.260659807187039e-06,1.2908899784088135,1.0746699571609497,-46.36819839477539,-0.19578200578689575,0.9726439714431763,0.9711949825286865,1.0918099880218506,2.1250100203790145e-12,0.00014907699369359761,2.029009920079261e-06,0.7098309993743896,2.557110071182251,0.00010706699686124921,6.833310180809349e-06,35667969,128,7342144,0.000137598006404005,6.892139936098829e-06,2.254240036010742
102060313115297212,168657020610000206,4,0.614318567900284,55787.570388,31.3115776,-4.94436874,0.022650999948382378,0.022650999948382378,8.842439651489258,1.1804800033569336,0.00010602499969536439,4.413559963722946e-06,1.1539900302886963,1.078320026397705,59.665199279785156,0.002423810074105859,0.9876779913902283,0.9840940237045288,1.1426600217819214,9.364849824788207e-19,0.0001531710004201159,2.0685299659817247e-06,0.7830420136451721,2.557420015335083,0.00012553100532386452,7.521429779444588e-06,35667969,128,7342144,0.0001417900057276711,7.463109795935452e-06,2.1679699420928955
102060313115297212,148324322740000367,5,0.867289063397133,55584.2434054,31.31159886,-4.94434702,0.04203550145030022,0.04203550145030022,8.697850227355957,1.2015600204467773,0.0001181719999294728,9.130640137300361e-06,0.9335619807243347,0.8583679795265198,83.19090270996094,0.16750000417232513,0.9976540207862854,0.9976540207862854,1.1270899772644043,3.38218994388208e-18,0.00021844399452675134,3.817399829131318e-06,0.8355630040168762,2.0455799102783203,0.0003974270075559616,1.979380067496095e-05,35667969,0,7374912,0.00024037099501583725,2.1940499209449627e-05,2.496769905090332
102060313115297212,148325440740000603,5,0.227453579406676,55584.2545884,31.31155558,-4.94436028,0.05085049942135811,0.05085049942135811,7.284860134124756,1.241760015487671,0.00011376399925211444,1.0633600140863564e-05,1.0535000562667847,1.0332499742507935,-72.49210357666016,0.22031700611114502,0.9964650273323059,0.9964650273323059,1.1407099962234497,3.2200300368809276e-13,0.00018957200518343598,3.531929905875586e-06,0.8606160283088684,2.301229953765869,0.0004181120020803064,1.977989995793905e-05,35667969,0,7374912,0.00025778901181183755,2.509660043870099e-05,2.8035600185394287
102060313115297212,165859390400000316,5,0.166376204384841,55759.594082,31.31159482,-4.94434408,0.04480370134115219,0.04480370134115219,2.814419984817505,1.4352200031280518,9.605199738871306e-05,7.906360224296805e-06,1.1463199853897095,0.9242309927940369,54.352699279785156,0.19505999982357025,0.9973229765892029,0.9973229765892029,1.1471500396728516,0.004886580165475607,0.0001390249963151291,2.9830400762875797e-06,0.8689860105514526,2.5582399368286133,0.00021824600116815418,1.5063100363477133e-05,35651585,0,7374912,0.00013909400149714202,1.5939000149955973e-05,2.4269299507141113
102060313115297212,165860471400000316,5,0.759210635683695,55759.6048907,31.31160172,-4.94435502,0.036880798637866974,0.036880798637866974,4.917910099029541,1.3610399961471558,0.00010878800094360486,7.3716300903470255e-06,1.0578299760818481,0.9132099747657776,52.62820053100586,0.2332019954919815,0.9979360103607178,0.9979360103607178,1.0954899787902832,8.747180118007236e-07,0.00016295599925797433,3.2506900424777996e-06,0.8606160283088684,2.3022799491882324,0.00019645500287879258,1.3627800399262924e-05,35667969,0,7374912,0.00017395199392922223,1.6241699995589443e-05,2.5887598991394043
102060313115297212,175340872610000176,1,0.447977333746829,55854.4089802,31.31157268,-4.94436247,0.016492599621415138,0.016492599621415138,3.6348800659179688,1.134600043296814,4.670329872169532e-05,1.4156399856801727e-06,1.3393100500106812,1.250100016593933,-50.58810043334961,-0.3924590051174164,0.9989200234413147,0.9989200234413147,1.2081400156021118,0.000278108986094594,5.416720159701072e-05,9.31997021780262e-07,0.8786410093307495,2.8130199909210205,7.428479875670746e-06,1.8555200540504302e-06,35667969,128,7342144,4.9492700782138854e-05,2.1842599835508736e-06,2.4651501178741455
102060313115297212,175342040610000168,1,0.737522932456362,55854.4206606,31.31157771,-4.94436332,0.01746629923582077,0.017567699775099754,2.52728009223938,1.1197700500488281,4.573210026137531e-05,1.2817199603887275e-06,1.2666599750518799,1.1593999862670898,-47.406898498535156,-0.5148429870605469,0.9980980157852173,0.9980980157852173,1.08378005027771,0.011494900099933147,5.368300116970204e-05,9.082689871320326e-07,0.872169017791748,2.5573298931121826,6.955619937798474e-06,1.7274800256927847e-06,102760453,128,7342144,5.061189949628897e-05,2.0540398963930784e-06,2.4221699237823486
102060313115297212,175345854720000167,2,0.352746578261952,55854.4587804,31.31158052,-4.94436283,0.012660199776291847,0.012660199776291847,9.721500396728516,1.1157900094985962,6.778669921914116e-05,1.5771900052641286e-06,1.2722899913787842,1.1169099807739258,59.47529983520508,-0.1737380027770996,0.9974300265312195,0.9974300265312195,1.1366300582885742,2.4415199578202175e-22,8.962170250015333e-05,1.0949499937851215e-06,0.8817179799079895,2.5573999881744385,2.2593199901166372e-05,2.2346100649883738e-06,102776839,128,7342144,8.492719643982127e-05,2.8423000912880525e-06,2.7332398891448975
102060313115297212,175346971720000144,2,0.813396739599664,55854.4699476,31.31158087,-4.94435782,0.014290899969637394,0.014290899969637394,9.601289749145508,1.1273900270462036,6.602489884244278e-05,1.7341200191367534e-06,1.166260004043579,1.0975099802017212,-12.255800247192383,-0.04283040016889572,0.997992992401123,0.997992992401123,1.1053500175476074,7.895019903905796e-22,9.186290117213503e-05,1.1583499599510105e-06,0.8658030033111572,2.5573201179504395,2.8609299988602288e-05,2.6096399778907653e-06,102776839,128,7342144,9.23292973311618e-05,3.3037599678209517e-06,2.738339900970459
102060313115297212,175142075610000213,3,0.678809031545007,55852.4210229,31.31157724,-4.94435407,0.01180879957973957,0.01180879957973957,12.709699630737305,1.125440001487732,8.303359936689958e-05,1.8027000123765902e-06,1.2028599977493286,1.0075500011444092,-48.70000076293945,-0.12568299472332,0.9982489943504333,0.9982489943504333,1.1883200407028198,5.2205999828055535e-37,0.00011738500325009227,1.2463500524972915e-06,0.8645449876785278,2.3007900714874268,4.319749859860167e-05,2.8920098884555046e-06,102776839,128,7374912,0.00012782300473190844,3.917919912055368e-06,2.974440097808838
102060313115297212,175143276610000212,3,0.791698459341841,55852.4330379,31.31158404,-4.94436105,0.01246930006891489,0.01246930006891489,12.77910041809082,1.1140899658203125,8.722300117369741e-05,1.9994699869130272e-06,1.379480004310608,1.166700005531311,-52.855899810791016,-0.05347520112991333,0.9980760216712952,0.9980760216712952,1.1538699865341187,2.1440501012114347e-37,0.00012507000064942986,1.273430029868905e-06,0.8839020133018494,2.8122100830078125,4.286679904907942e-05,2.8240899609954795e-06,102776839,128,7374912,0.0001232390059158206,3.97631993109826e-06,3.040299892425537
102060313115297212,176246372100000150,2,0.995079429815597,55863.4639657,31.31155389,-4.94434209,0.01272020023316145,0.01272020023316145,5.797920227050781,1.160599946975708,7.385729986708611e-05,1.7303500499110669e-06,1.7718900442123413,1.562459945678711,48.668800354003906,-0.08174459636211395,0.9991179704666138,0.9991179704666138,1.1006900072097778,6.714179878741788e-09,9.494619735050946e-05,1.1097799870185554e-06,0.9013370275497437,3.5725600719451904,1.5429699487867765e-05,1.9829999473586213e-06,102776839,128,7374912,8.812040323391557e-05,2.9747300231974805e-06,3.3033599853515625
102060313115297212,176247562100000122,2,0.331933205325094,55863.475864,31.31155745,-4.9443409,0.012430300004780293,0.012430300004780293,7.36053991317749,1.1919900178909302,8.005929703358561e-05,1.833160013120505e-06,1.6734299659729004,1.510759949684143,53.230098724365234,0.22406600415706635,0.9985550045967102,0.9985550045967102,1.0868300199508667,1.831719997034964e-13,0.00010244699660688639,1.1543199889274547e-06,0.9110810160636902,3.5720601081848145,1.531630005047191e-05,1.934630063260556e-06,102776839,128,7374912,9.781010157894343e-05,3.107000111413072e-06,3.4466099739074707
102060313115297212,176243809100000141,1,0.240268860236061,55863.4383463,31.311578,-4.94428883,0.029326200485229492,0.02931319922208786,2.2086899280548096,1.119379997253418,4.6959401515778154e-05,1.5119700265131542e-06,1.772379994392395,1.470829963684082,47.24720001220703,-0.29903900623321533,0.9982950091362,0.9982950091362,1.2193599939346313,0.02719620056450367,5.3693798690801486e-05,8.991789854917442e-07,0.8984249830245972,3.3174099922180176,6.3549000515195075e-06,1.8163799495596322e-06,102760453,128,7374912,4.988389991922304e-05,2.3412499103869777e-06,2.860719919204712
102060313115297212,176245056100000125,1,0.982376191748657,55863.4508223,31.31156823,-4.94430883,0.03004010021686554,0.03092139959335327,2.3615000247955322,1.1352299451828003,5.16063992108684e-05,1.6387499499614933e-06,1.830399990081787,1.558169960975647,53.782901763916016,-0.2547680139541626,0.9982119798660278,0.9982119798660278,1.0896799564361572,0.018201300874352455,5.610210064332932e-05,9.219800176651916e-07,0.9097260236740112,3.31715989112854,6.195629794092383e-06,1.7863400216810987e-06,102760453,128,7374912,5.178779974812642e-05,2.48792002821574e-06,3.0655200481414795
102060313115297212,181121778620000201,4,0.618367379175841,55912.21797,31.31158576,-4.94434801,0.018074700608849525,0.018074700608849525,9.792240142822266,1.2150299549102783,0.0001290640066144988,4.285920113034081e-06,1.507200002670288,1.4449700117111206,-51.94889831542969,1.2423900443536695e-05,0.9985780119895935,0.9985780119895935,1.1136300563812256,1.215689938317817e-22,0.0001857939932961017,2.187269956266391e-06,0.9116089940071106,3.3256099224090576,7.25029967725277e-05,5.472730208566645e-06,35667969,128,57706560,0.00018001999706029892,8.440610145044047e-06,3.37568998336792
102060313115297212,181120608620000195,4,0.191842107280942,55912.2062708,31.31157417,-4.94436792,0.017124200239777565,0.017124200239777565,9.735010147094727,1.2608000040054321,0.00011363199882907793,3.5748998925555497e-06,1.2045999765396118,1.1635600328445435,-27.74570083618164,-0.22140300273895264,0.9975389838218689,0.9975389838218689,1.0706700086593628,2.13805993505784e-22,0.00016378700092900544,2.0748900624312228e-06,0.8817179799079895,2.558259963989258,7.74492000346072e-05,5.704269824491348e-06,35667969,128,7374912,0.0001678200060268864,7.280159934452968e-06,2.7706499099731445
102060313115297212,176243745650000161,1,0.602007903719328,55863.4377111,31.31158528,-4.94435319,0.021811900660395622,0.02159070037305355,1.359410047531128,1.1187700033187866,4.6749901230214164e-05,1.370120003230113e-06,1.3329600095748901,1.2837799787521362,28.29290008544922,-0.04491949826478958,0.9991379976272583,0.9991379976272583,1.209439992904663,0.17401599884033203,5.2841300202999264e-05,8.824359838399687e-07,0.8952469825744629,3.0700600147247314,6.517529982374981e-06,1.692910018391558e-06,102760453,128,7374912,4.9129201215691864e-05,2.064160071313381e-06,2.6466000080108643
102060313115297212,176244991650000157,1,0.232981331863423,55863.4501733,31.31160089,-4.94437194,0.01617260091006756,0.01617260091006756,5.589640140533447,1.134220004081726,5.036469883634709e-05,1.4962899967940757e-06,1.5346100330352783,1.4644999504089355,5.333759784698486,-0.003921740222722292,0.9991459846496582,0.9991459846496582,1.1238700151443481,2.275450050603922e-08,6.541299808304757e-05,9.822980473472853e-07,0.9021919965744019,3.326090097427368,6.526930064865155e-06,1.6529500044271117e-06,35667969,128,74483776,6.19591010035947e-05,2.5566400836396497e-06,3.34128999710083
102060313115297212,176246312650000182,2,0.188681797300169,55863.4633569,31.31159018,-4.94435661,0.013024999760091305,0.013024999760091305,8.927729606628418,1.1592400074005127,7.430739788105711e-05,1.7782499526219908e-06,1.594580054283142,1.5627299547195435,-34.253700256347656,0.0013758400455117226,0.9995949864387512,0.9995949864387512,1.1872400045394897,4.348370089966095e-19,0.00010238099639536813,1.135150000663998e-06,0.9062089920043945,3.5813100337982178,1.586170037626289e-05,1.9884998891939176e-06,102776839,128,7374912,9.924890036927536e-05,3.2257200928142993e-06,3.590329885482788
102060313115297212,176247503650000193,2,0.54807011461637,55863.4752677,31.3115946,-4.94437719,0.013124999590218067,0.013124999590218067,7.727960109710693,1.1902300119400024,7.17447983333841e-05,1.7298100374318892e-06,1.5289700031280518,1.4599699974060059,-14.688799858093262,0.02007650025188923,0.999101996421814,0.999101996421814,1.1608099937438965,1.0928099754053868e-14,9.308890003012493e-05,1.0887099506362574e-06,0.904075026512146,3.326090097427368,1.6234900613198988e-05,2.0236900581949158e-06,102776839,128,7374912,8.808489656075835e-05,2.991250084960484e-06,3.2984299659729004
102060313115297212,223222071650000216,4,0.692528380726025,56333.220893,31.31156932,-4.94435294,0.020695099607110023,0.020695099607110023,9.816789627075195,1.3212100267410278,9.81659977696836e-05,3.726519935298711e-06,1.1918699741363525,1.008970022201538,-68.30719757080078,-0.045663099735975266,0.9970690011978149,0.9970690011978149,1.112470030784607,9.533209859108055e-23,0.00014980899868533015,1.9595199773903005e-06,0.8530700206756592,2.562269926071167,0.0001055570028256625,6.341810149024241e-06,35667969,128,7374912,0.00014648000069428235,7.3067799348791596e-06,2.501569986343384
102060313115297212,223222561650000287,4,0.947291617232646,56333.2257921,31.31157728,-4.94436771,0.01900009997189045,0.01900009997189045,9.728480339050293,1.3492900133132935,9.707450226414949e-05,3.3832200188044226e-06,1.2999600172042847,1.1280900239944458,-60.06420135498047,-0.24124500155448914,0.997497022151947,0.997497022151947,1.0973399877548218,2.2798400753959123e-22,0.00015066399646457285,1.95340999198379e-06,0.8733789920806885,2.8185200691223145,7.085510151227936e-05,5.262999820843106e-06,35667969,128,7374912,0.00014201299927663058,6.597279934794642e-06,2.6703200340270996
102060313115297212,223021179650000186,5,0.813489491877602,56331.211974,31.31160443,-4.94440961,0.06416449695825577,0.06416449695825577,5.563660144805908,1.2519299983978271,0.00015211199934128672,1.7905200365930796e-05,1.6896899938583374,1.614549994468689,-71.31069946289062,0.5152289867401123,0.9990310072898865,0.9990310072898865,1.0254199504852295,2.6417499299213887e-08,0.0002575170074123889,3.904980076185893e-06,0.9226009845733643,4.099170207977295,0.0005316919996403158,2.0505500287981704e-05,35667969,0,7342144,0.00025911699049174786,3.905529956682585e-05,4.201000213623047
102060313115297212,254326083630000519,5,0.036389819380259,56644.2613069,31.3115293,-4.94433249,0.03534679859876633,0.03534679859876633,3.766940116882324,1.1170799732208252,0.00012298100045882165,7.976020242494997e-06,2.0764999389648438,1.9453200101852417,80.23799896240234,0.40761101245880127,0.9859650135040283,0.9859650135040283,1.1277300119400024,0.00016525799583178014,0.00018898199778050184,2.0581999251589878e-06,0.8193529844284058,4.61076021194458,0.00020030399900861084,8.587359843659215e-06,35667969,0,7374912,0.00016098500054795295,1.3021000086155254e-05,3.561079978942871
102060313115297212,246153672430000569,2,0.0317623382730059,56562.5369595,31.31158826,-4.94432694,0.02395549975335598,0.02395549975335598,4.9137701988220215,1.1355400085449219,6.548409874085337e-05,2.8658600967901293e-06,2.2864599227905273,2.15120005607605,-74.4468994140625,0.306331992149353,0.9989820122718811,0.9989820122718811,1.205739974975586,8.934189850151597e-07,8.5769897850696e-05,1.0866999673453392e-06,0.9433810114860535,5.4026198387146,2.6900999728241004e-05,2.618269945742213e-06,35667969,0,7342144,7.801750325597823e-05,4.989599801774602e-06,4.36952018737793
102060313115297212,246154784430000851,2,0.194244691351657,56562.5480885,31.31153476,-4.94435068,0.032696500420570374,0.032696500420570374,2.7185299396514893,1.1564799547195435,6.651860167039558e-05,3.973660113842925e-06,2.574270009994507,2.3249499797821045,87.43949890136719,0.46057501435279846,0.9991639852523804,0.9991639852523804,1.2309000492095947,0.006557260174304247,7.22049007890746e-05,1.0665099807738443e-06,0.9438769817352295,6.173940181732178,3.894439942087047e-05,3.3814399102993775e-06,35651585,0,7342144,7.501990330638364e-05,5.976579814159777e-06,4.115900039672852
102060313115297212,246151318430000258,3,0.293191802960999,56562.5134545,31.31158084,-4.94436482,0.013249600306153297,0.013249600306153297,12.956899642944336,1.1116399765014648,7.933220331324264e-05,1.920770046126563e-06,1.5052399635314941,1.4812999963760376,-82.30660247802734,0.12367399781942368,0.9996899962425232,0.9996899962425232,1.2181799411773682,2.1484399769365944e-38,0.00012061699817422777,1.2283200021556695e-06,0.9062089920043945,3.600830078125,2.7587699150899425e-05,2.4058599592535757e-06,102776839,128,7374912,0.00011799600179074332,3.738510031325859e-06,3.5976099967956543
102060313115297212,246152515430000266,3,0.535856014616653,56562.5254129,31.3115708,-4.94436445,0.012629900127649307,0.012629900127649307,12.15880012512207,1.1204700469970703,8.340089698322117e-05,1.924840034916997e-06,1.664139986038208,1.4527599811553955,-65.40160369873047,0.17994199693202972,0.998769998550415,0.998769998550415,1.3063299655914307,5.148930202008035e-34,0.00012781399709638208,1.2704199434665497e-06,0.9110810160636902,3.6008100509643555,2.52800000453135e-05,2.3061900265020085e-06,102776839,128,7374912,0.00012692800373770297,3.762889946301584e-06,3.730600118637085
102060313115297212,241662615430000315,5,0.806328261090748,56517.6266208,31.31157207,-4.94433603,0.02640629932284355,0.02640629932284355,6.456600189208984,1.1093300580978394,0.00010363400360802189,5.000059900339693e-06,1.3412100076675415,1.1027599573135376,-49.649898529052734,0.3521620035171509,0.9987559914588928,0.9987559914588928,1.1249899864196777,1.070850005890911e-10,0.00016065899399109185,1.966240006368025e-06,0.8865320086479187,2.829590082168579,0.00016230999608524144,7.75773969508009e-06,35667969,128,7374912,0.00015510899538639933,1.06704001154867e-05,3.113070011138916
102060313115297212,246750292430000310,1,0.409236101814766,56568.5031862,31.31159819,-4.94439991,0.031988199800252914,0.031988199800252914,-0.511584997177124,1.1153199672698975,2.410160050203558e-05,1.4083899486649898e-06,1.458709955215454,1.3109300136566162,61.71879959106445,0.27997300028800964,0.999455988407135,0.999455988407135,2.1278200149536133,-0.6089410185813904,2.5740400815266185e-05,6.570269874828227e-07,0.8996679782867432,3.0873899459838867,6.575809948117239e-06,2.4636599391669733e-06,35651585,0,124782656,2.133149973815307e-05,1.9874200916092377e-06,2.490230083465576
102060313115297212,246852896430000244,1,0.0638151774777241,56569.5292243,31.31157569,-4.94434271,0.022485999390482903,0.022485999390482903,2.5140600204467773,1.1569900512695312,2.6839999918593094e-05,1.1025499588868115e-06,1.3237500190734863,1.0603400468826294,-89.93560028076172,-0.34776100516319275,0.9976540207862854,0.9489210247993469,1.1616400480270386,0.01193500030785799,2.9213499146862887e-05,6.622120167776302e-07,0.8785349726676941,2.57273006439209,5.490860075951787e-06,1.7555599924889975e-06,35651585,128,124815424,2.795200089167338e-05,1.6911800457819481e-06,2.1747000217437744
102060313115297212,241961150430000233,4,0.219749599899863,56520.6118625,31.31157891,-4.94438358,0.012423300184309483,0.012423300184309483,14.208700180053711,1.1102299690246582,9.070710075320676e-05,2.058829977613641e-06,0.9557620286941528,0.8584489822387695,-60.498600006103516,0.18524299561977386,0.9962599873542786,0.9962599873542786,1.2014100551605225,0.0,0.0001349039957858622,1.3217600098869298e-06,0.830590009689331,2.058000087738037,7.434310100506991e-05,3.897639999195235e-06,102776839,128,57706560,0.00014889100566506386,4.825400083063869e-06,2.8046000003814697
