wavelength,flux,e_flux
1739.0000,7.4645379e-16,7.4645379e-16
1740.6000,5.6576428e-16,5.6576428e-16
1742.2000,5.4939267e-16,5.4939267e-16
1743.8000,3.9549899e-16,3.9549899e-16
1745.4000,3.1326883e-16,3.1326883e-16
1747.0000,3.5764733e-16,3.5764733e-16
1748.6000,4.2871528e-16,4.2871528e-16
1750.2000,5.808285e-16,5.808285e-16
1751.8000,4.6264275e-16,4.6264275e-16
1753.4000,4.8447896e-16,4.8447896e-16
1755.0000,5.3421831e-16,5.3421831e-16
1756.6000,4.7543476e-16,4.7543476e-16
1758.2000,3.0408554e-16,3.0408554e-16
1759.8000,2.9269264e-16,2.9269264e-16
1761.4000,4.918365e-16,4.918365e-16
1763.0000,4.7775571e-16,4.7775571e-16
1764.6000,5.0583906e-16,5.0583906e-16
1766.2000,1.3858273e-16,1.3858273e-16
1767.8000,4.5145133e-16,4.5145133e-16
1769.4000,3.4610128e-16,3.4610128e-16
1771.0000,3.3002313e-16,3.3002313e-16
1772.6000,2.5765522e-16,2.5765522e-16
1774.2000,3.4134721e-16,3.4134721e-16
1775.8000,3.6755354e-16,3.6755354e-16
1777.4000,2.241193e-16,2.241193e-16
1779.0000,3.4196588e-16,3.4196588e-16
1780.6000,4.2253355e-16,4.2253355e-16
1782.2000,3.2430305e-16,3.2430305e-16
1783.8000,2.6616028e-16,2.6616028e-16
1785.4000,2.9090661e-16,2.9090661e-16
1787.0000,3.4695418e-16,3.4695418e-16
1788.6000,2.6425568e-16,2.6425568e-16
1790.2000,4.9132208e-16,4.9132208e-16
1791.8000,5.4722585e-16,5.4722585e-16
1793.4000,3.5194578e-16,3.5194578e-16
1795.0000,3.9968626e-16,3.9968626e-16
1796.6000,5.1194451e-16,5.1194451e-16
1798.2000,4.8884601e-16,4.8884601e-16
1799.8000,4.7269988e-16,4.7269988e-16
1801.4000,3.8770514e-16,3.8770514e-16
1803.0000,4.5819851e-16,4.5819851e-16
1804.6000,5.4193068e-16,5.4193068e-16
1806.2000,6.1399377e-16,6.1399377e-16
1807.8000,5.2032327e-16,5.2032327e-16
1809.4000,5.9863261e-16,5.9863261e-16
1811.0000,7.2801504e-16,7.2801504e-16
1812.6000,8.5636832e-16,8.5636832e-16
1814.2000,7.3688977e-16,7.3688977e-16
1815.8000,1.0963901e-15,1.0963901e-15
1817.4000,1.0035476e-15,1.0035476e-15
1819.0000,8.6867796e-16,8.6867796e-16
1820.6000,1.0736869e-15,1.0736869e-15
1822.2000,1.4008452e-15,1.4008452e-15
1823.8000,1.2800656e-15,1.2800656e-15
1825.4000,1.1779497e-15,1.1779497e-15
1827.0000,1.2956906e-15,1.2956906e-15
1828.6000,1.3702484e-15,1.3702484e-15
1830.2000,1.7452446e-15,1.7452446e-15
1831.8000,1.7071458e-15,1.7071458e-15
1833.4000,1.7136088e-15,1.7136088e-15
1835.0000,1.7959576e-15,1.7959576e-15
1836.6000,1.9116977e-15,1.9116977e-15
1838.2000,1.7295927e-15,1.7295927e-15
1839.8000,1.8258909e-15,1.8258909e-15
1841.4000,1.8813867e-15,1.8813867e-15
1843.0000,1.8955101e-15,1.8955101e-15
1844.6000,1.9111172e-15,1.9111172e-15
1846.2000,1.6623331e-15,1.6623331e-15
1847.8000,1.6000543e-15,1.6000543e-15
1849.4000,1.6231093e-15,1.6231093e-15
1851.0000,1.9250836e-15,1.9250836e-15
1852.6000,1.9984229e-15,1.9984229e-15
1854.2000,1.8913774e-15,1.8913774e-15
1855.8000,1.9848649e-15,1.9848649e-15
1857.4000,1.8372971e-15,1.8372971e-15
1859.0000,1.580534e-15,1.580534e-15
1860.6000,1.7651122e-15,1.7651122e-15
1862.2000,1.6352795e-15,1.6352795e-15
1863.8000,1.684173e-15,1.684173e-15
1865.4000,1.521791e-15,1.521791e-15
1867.0000,1.4639042e-15,1.4639042e-15
1868.6000,1.8352681e-15,1.8352681e-15
1870.2000,1.9246165e-15,1.9246165e-15
1871.8000,1.7083975e-15,1.7083975e-15
1873.4000,1.7048354e-15,1.7048354e-15
1875.0000,1.5387177e-15,1.5387177e-15
1876.6000,1.7096043e-15,1.7096043e-15
1878.2000,1.5111957e-15,1.5111957e-15
1879.8000,1.565968e-15,1.565968e-15
1881.4000,1.7084111e-15,1.7084111e-15
1883.0000,1.7327325e-15,1.7327325e-15
1884.6000,1.6783338e-15,1.6783338e-15
1886.2000,1.71673e-15,1.71673e-15
1887.8000,1.7247748e-15,1.7247748e-15
1889.4000,1.8607419e-15,1.8607419e-15
1891.0000,1.948756e-15,1.948756e-15
1892.6000,1.8166254e-15,1.8166254e-15
1894.2000,1.9782465e-15,1.9782465e-15
1895.8000,1.795106e-15,1.795106e-15
1897.4000,1.7863711e-15,1.7863711e-15
1899.0000,1.6433006e-15,1.6433006e-15
1900.6000,1.8284332e-15,1.8284332e-15
1902.2000,1.7213887e-15,1.7213887e-15
1903.8000,1.7005169e-15,1.7005169e-15
1905.4000,1.9165122e-15,1.9165122e-15
1907.0000,1.7072886e-15,1.7072886e-15
1908.6000,1.8492322e-15,1.8492322e-15
1910.2000,1.7275599e-15,1.7275599e-15
1911.8000,1.6150834e-15,1.6150834e-15
1913.4000,1.769166e-15,1.769166e-15
1915.0000,1.5925191e-15,1.5925191e-15
1916.6000,1.5711272e-15,1.5711272e-15
1918.2000,1.6114991e-15,1.6114991e-15
1919.8000,1.6290014e-15,1.6290014e-15
1921.4000,1.4647892e-15,1.4647892e-15
1923.0000,1.5477419e-15,1.5477419e-15
1924.6000,1.5306127e-15,1.5306127e-15
1926.2000,1.4498479e-15,1.4498479e-15
1927.8000,1.3752355e-15,1.3752355e-15
1929.4000,1.3741673e-15,1.3741673e-15
1931.0000,1.4329379e-15,1.4329379e-15
1932.6000,1.3460128e-15,1.3460128e-15
1934.2000,1.3305451e-15,1.3305451e-15
1935.8000,1.4306512e-15,1.4306512e-15
1937.4000,1.312946e-15,1.312946e-15
1939.0000,1.1969717e-15,1.1969717e-15
1940.6000,1.2927327e-15,1.2927327e-15
1942.2000,1.2421751e-15,1.2421751e-15
1943.8000,1.2130989e-15,1.2130989e-15
1945.4000,1.1422856e-15,1.1422856e-15
1947.0000,1.1924468e-15,1.1924468e-15
1948.6000,1.2817059e-15,1.2817059e-15
1950.2000,1.3573681e-15,1.3573681e-15
1951.8000,1.1851139e-15,1.1851139e-15
1953.4000,9.9786123e-16,9.9786123e-16
1955.0000,1.0274551e-15,1.0274551e-15
1956.6000,1.0920329e-15,1.0920329e-15
1958.2000,9.6708682e-16,9.6708682e-16
1959.8000,8.7924361e-16,8.7924361e-16
1961.4000,1.0411808e-15,1.0411808e-15
1963.0000,1.093293e-15,1.093293e-15
1964.6000,1.120013e-15,1.120013e-15
1966.2000,9.8761902e-16,9.8761902e-16
1967.8000,9.9866745e-16,9.9866745e-16
1969.4000,1.0263807e-15,1.0263807e-15
1971.0000,1.0092916e-15,1.0092916e-15
1972.6000,1.1025045e-15,1.1025045e-15
1974.2000,9.5774355e-16,9.5774355e-16
1975.8000,9.2407966e-16,9.2407966e-16
1977.4000,9.6819768e-16,9.6819768e-16
1979.0000,9.3615327e-16,9.3615327e-16
1980.6000,8.2944954e-16,8.2944954e-16
1982.2000,8.7252028e-16,8.7252028e-16
1983.8000,8.8829477e-16,8.8829477e-16
1985.4000,9.8517151e-16,9.8517151e-16
1987.0000,9.1938199e-16,9.1938199e-16
1988.6000,9.9721642e-16,9.9721642e-16
1990.2000,9.0206451e-16,9.0206451e-16
1991.8000,1.0738083e-15,1.0738083e-15
1993.4000,1.0516615e-15,1.0516615e-15
1995.0000,1.1803777e-15,1.1803777e-15
1996.6000,1.1301278e-15,1.1301278e-15
1998.2000,1.1299176e-15,1.1299176e-15
1999.8000,1.1627422e-15,1.1627422e-15
2001.4000,1.0713206e-15,1.0713206e-15
2003.0000,1.1179255e-15,1.1179255e-15
2004.6000,1.1176329e-15,1.1176329e-15
2006.2000,1.1039036e-15,1.1039036e-15
2007.8000,9.7254612e-16,9.7254612e-16
2009.4000,1.0372275e-15,1.0372275e-15
2011.0000,1.0468978e-15,1.0468978e-15
2012.6000,1.1289761e-15,1.1289761e-15
2014.2000,1.1434579e-15,1.1434579e-15
2015.8000,1.0923638e-15,1.0923638e-15
2017.4000,1.176411e-15,1.176411e-15
2019.0000,1.1823535e-15,1.1823535e-15
2020.6000,1.1699838e-15,1.1699838e-15
2022.2000,1.113523e-15,1.113523e-15
2023.8000,1.1555937e-15,1.1555937e-15
2025.4000,1.0440923e-15,1.0440923e-15
2027.0000,1.1869267e-15,1.1869267e-15
2028.6000,1.1241969e-15,1.1241969e-15
2030.2000,1.2112092e-15,1.2112092e-15
2031.8000,1.1378028e-15,1.1378028e-15
2033.4000,1.2480444e-15,1.2480444e-15
2035.0000,1.4171786e-15,1.4171786e-15
2036.6000,1.1974163e-15,1.1974163e-15
2038.2000,1.2336201e-15,1.2336201e-15
2039.8000,1.0138386e-15,1.0138386e-15
2041.4000,1.3247368e-15,1.3247368e-15
2043.0000,1.0663184e-15,1.0663184e-15
2044.6000,1.0173234e-15,1.0173234e-15
2046.2000,1.2921835e-15,1.2921835e-15
2047.8000,1.0498542e-15,1.0498542e-15
2049.4000,1.0509039e-15,1.0509039e-15
2051.0000,1.1396459e-15,1.1396459e-15
2052.6000,1.1410987e-15,1.1410987e-15
2054.2000,1.2071515e-15,1.2071515e-15
2055.8000,1.1549055e-15,1.1549055e-15
2057.4000,1.1590795e-15,1.1590795e-15
2059.0000,1.1281022e-15,1.1281022e-15
2060.6000,1.1578789e-15,1.1578789e-15
2062.2000,1.1580189e-15,1.1580189e-15
2063.8000,1.0712705e-15,1.0712705e-15
2065.4000,1.1731913e-15,1.1731913e-15
2067.0000,1.2095487e-15,1.2095487e-15
2068.6000,1.2358348e-15,1.2358348e-15
2070.2000,1.2706988e-15,1.2706988e-15
2071.8000,1.2536618e-15,1.2536618e-15
2073.4000,1.1101202e-15,1.1101202e-15
2075.0000,1.0783517e-15,1.0783517e-15
2076.6000,1.1576515e-15,1.1576515e-15
2078.2000,1.1613773e-15,1.1613773e-15
2079.8000,1.1253303e-15,1.1253303e-15
2081.4000,1.0461046e-15,1.0461046e-15
2083.0000,9.7082389e-16,9.7082389e-16
2084.6000,9.8434818e-16,9.8434818e-16
2086.2000,9.6632489e-16,9.6632489e-16
2087.8000,1.0473468e-15,1.0473468e-15
2089.4000,9.601694e-16,9.601694e-16
2091.0000,1.0915814e-15,1.0915814e-15
2092.6000,1.0177811e-15,1.0177811e-15
2094.2000,9.3704392e-16,9.3704392e-16
2095.8000,1.0847105e-15,1.0847105e-15
2097.4000,1.1188552e-15,1.1188552e-15
2099.0000,1.0453796e-15,1.0453796e-15
2100.6000,1.0017466e-15,1.0017466e-15
2102.2000,9.3781231e-16,9.3781231e-16
2103.8000,9.1109248e-16,9.1109248e-16
2105.4000,9.0540051e-16,9.0540051e-16
2107.0000,9.174967e-16,9.174967e-16
2108.6000,8.9050822e-16,8.9050822e-16
2110.2000,8.6553285e-16,8.6553285e-16
2111.8000,9.0081297e-16,9.0081297e-16
2113.4000,9.9571139e-16,9.9571139e-16
2115.0000,1.0224472e-15,1.0224472e-15
2116.6000,9.9302657e-16,9.9302657e-16
2118.2000,8.7820782e-16,8.7820782e-16
2119.8000,9.2056269e-16,9.2056269e-16
2121.4000,9.6588534e-16,9.6588534e-16
2123.0000,8.1397413e-16,8.1397413e-16
2124.6000,9.6443543e-16,9.6443543e-16
2126.2000,8.8936478e-16,8.8936478e-16
2127.8000,9.0614593e-16,9.0614593e-16
2129.4000,8.4213109e-16,8.4213109e-16
2131.0000,8.0688872e-16,8.0688872e-16
2132.6000,8.5654914e-16,8.5654914e-16
2134.2000,7.9029608e-16,7.9029608e-16
2135.8000,9.2018873e-16,9.2018873e-16
2137.4000,8.8050063e-16,8.8050063e-16
2139.0000,8.1114292e-16,8.1114292e-16
2140.6000,8.798332e-16,8.798332e-16
2142.2000,9.3222723e-16,9.3222723e-16
2143.8000,1.0196806e-15,1.0196806e-15
2145.4000,1.025873e-15,1.025873e-15
2147.0000,9.7285777e-16,9.7285777e-16
2148.6000,9.6487923e-16,9.6487923e-16
2150.2000,9.3647063e-16,9.3647063e-16
2151.8000,9.5216337e-16,9.5216337e-16
2153.4000,1.0146459e-15,1.0146459e-15
2155.0000,9.3263888e-16,9.3263888e-16
2156.6000,9.3381675e-16,9.3381675e-16
2158.2000,1.0278321e-15,1.0278321e-15
2159.8000,1.0449251e-15,1.0449251e-15
2161.4000,1.0835525e-15,1.0835525e-15
2163.0000,9.9866345e-16,9.9866345e-16
2164.6000,1.0397507e-15,1.0397507e-15
2166.2000,1.0546994e-15,1.0546994e-15
2167.8000,1.0206097e-15,1.0206097e-15
2169.4000,1.0226526e-15,1.0226526e-15
2171.0000,1.1302791e-15,1.1302791e-15
2172.6000,1.0544906e-15,1.0544906e-15
2174.2000,1.049881e-15,1.049881e-15
2175.8000,9.3849532e-16,9.3849532e-16
2177.4000,9.6246064e-16,9.6246064e-16
2179.0000,9.775565e-16,9.775565e-16
2180.6000,9.5272718e-16,9.5272718e-16
2182.2000,9.7938456e-16,9.7938456e-16
2183.8000,1.0655924e-15,1.0655924e-15
2185.4000,1.0214851e-15,1.0214851e-15
2187.0000,9.3535765e-16,9.3535765e-16
2188.6000,9.5370737e-16,9.5370737e-16
2190.2000,1.0037431e-15,1.0037431e-15
2191.8000,9.7066074e-16,9.7066074e-16
2193.4000,1.0195174e-15,1.0195174e-15
2195.0000,9.5224329e-16,9.5224329e-16
2196.6000,1.0025883e-15,1.0025883e-15
2198.2000,1.0037449e-15,1.0037449e-15
2199.8000,9.6610732e-16,9.6610732e-16
2201.4000,9.2238377e-16,9.2238377e-16
2203.0000,8.3294342e-16,8.3294342e-16
2204.6000,9.2812277e-16,9.2812277e-16
2206.2000,8.8363123e-16,8.8363123e-16
2207.8000,9.3201874e-16,9.3201874e-16
2209.4000,9.2036955e-16,9.2036955e-16
2211.0000,9.0011537e-16,9.0011537e-16
2212.6000,9.5913969e-16,9.5913969e-16
2214.2000,8.6326965e-16,8.6326965e-16
2215.8000,9.9132129e-16,9.9132129e-16
2217.4000,8.5705513e-16,8.5705513e-16
2219.0000,8.600778e-16,8.600778e-16
2220.6000,9.1128497e-16,9.1128497e-16
2222.2000,9.6941848e-16,9.6941848e-16
2223.8000,8.6259992e-16,8.6259992e-16
2225.4000,9.1221363e-16,9.1221363e-16
2227.0000,9.0123519e-16,9.0123519e-16
2228.6000,9.8881789e-16,9.8881789e-16
2230.2000,8.4061214e-16,8.4061214e-16
2231.8000,9.1954204e-16,9.1954204e-16
2233.4000,9.6013602e-16,9.6013602e-16
2235.0000,8.6574239e-16,8.6574239e-16
2236.6000,8.9320558e-16,8.9320558e-16
2238.2000,1.0089147e-15,1.0089147e-15
2239.8000,1.0188247e-15,1.0188247e-15
2241.4000,1.01196e-15,1.01196e-15
2243.0000,1.0161801e-15,1.0161801e-15
2244.6000,1.0287627e-15,1.0287627e-15
2246.2000,9.9938951e-16,9.9938951e-16
2247.8000,1.0204045e-15,1.0204045e-15
2249.4000,1.0506921e-15,1.0506921e-15
2251.0000,1.0738836e-15,1.0738836e-15
2252.6000,1.0271794e-15,1.0271794e-15
2254.2000,1.0284654e-15,1.0284654e-15
2255.8000,1.0661898e-15,1.0661898e-15
2257.4000,1.1077395e-15,1.1077395e-15
2259.0000,1.1463753e-15,1.1463753e-15
2260.6000,1.0610944e-15,1.0610944e-15
2262.2000,1.0493256e-15,1.0493256e-15
2263.8000,9.363718e-16,9.363718e-16
2265.4000,9.444964e-16,9.444964e-16
2267.0000,9.1727921e-16,9.1727921e-16
2268.6000,1.0238969e-15,1.0238969e-15
2270.2000,1.0277635e-15,1.0277635e-15
2271.8000,1.0305658e-15,1.0305658e-15
2273.4000,1.0010183e-15,1.0010183e-15
2275.0000,1.089566e-15,1.089566e-15
2276.6000,1.0384822e-15,1.0384822e-15
2278.2000,1.0212021e-15,1.0212021e-15
2279.8000,1.0638665e-15,1.0638665e-15
2281.4000,1.066269e-15,1.066269e-15
2283.0000,1.1059384e-15,1.1059384e-15
2284.6000,1.0520142e-15,1.0520142e-15
2286.2000,1.0183781e-15,1.0183781e-15
2287.8000,1.0408843e-15,1.0408843e-15
2289.4000,9.8608275e-16,9.8608275e-16
2291.0000,9.6067223e-16,9.6067223e-16
2292.6000,9.992633e-16,9.992633e-16
2294.2000,1.0045311e-15,1.0045311e-15
2295.8000,9.6826634e-16,9.6826634e-16
2297.4000,1.0166656e-15,1.0166656e-15
2299.0000,1.0053735e-15,1.0053735e-15
2300.6000,9.9139957e-16,9.9139957e-16
2302.2000,1.0312404e-15,1.0312404e-15
2303.8000,1.0230735e-15,1.0230735e-15
2305.4000,1.0459179e-15,1.0459179e-15
2307.0000,1.0718217e-15,1.0718217e-15
2308.6000,1.0784552e-15,1.0784552e-15
2310.2000,9.6385514e-16,9.6385514e-16
2311.8000,9.5910404e-16,9.5910404e-16
2313.4000,9.4823722e-16,9.4823722e-16
2315.0000,1.0336185e-15,1.0336185e-15
2316.6000,9.856214e-16,9.856214e-16
2318.2000,9.8918189e-16,9.8918189e-16
2319.8000,1.0017147e-15,1.0017147e-15
2321.4000,1.0101929e-15,1.0101929e-15
2323.0000,9.746386e-16,9.746386e-16
2324.6000,1.1040682e-15,1.1040682e-15
2326.2000,1.1991816e-15,1.1991816e-15
2327.8000,1.0923466e-15,1.0923466e-15
2329.4000,1.0920557e-15,1.0920557e-15
2331.0000,1.1591468e-15,1.1591468e-15
2332.6000,1.2036591e-15,1.2036591e-15
2334.2000,1.200219e-15,1.200219e-15
2335.8000,1.2959165e-15,1.2959165e-15
2337.4000,1.2478269e-15,1.2478269e-15
2339.0000,1.3266928e-15,1.3266928e-15
2340.6000,1.3569176e-15,1.3569176e-15
2342.2000,1.3722277e-15,1.3722277e-15
2343.8000,1.3875407e-15,1.3875407e-15
2345.4000,1.4028508e-15,1.4028508e-15
2347.0000,1.4181609e-15,1.4181609e-15
2348.6000,1.4334738e-15,1.4334738e-15
2350.2000,1.4487839e-15,1.4487839e-15
2351.8000,1.4579887e-15,1.4579887e-15
2353.4000,1.43036e-15,1.43036e-15
2355.0000,1.5030503e-15,1.5030503e-15
2356.6000,1.5818091e-15,1.5818091e-15
2358.2000,1.6233237e-15,1.6233237e-15
2359.8000,1.6527645e-15,1.6527645e-15
2361.4000,1.590092e-15,1.590092e-15
2363.0000,1.6518207e-15,1.6518207e-15
2364.6000,1.6639777e-15,1.6639777e-15
2366.2000,1.6604845e-15,1.6604845e-15
2367.8000,1.721455e-15,1.721455e-15
2369.4000,1.7268928e-15,1.7268928e-15
2371.0000,1.6246086e-15,1.6246086e-15
2372.6000,1.6543296e-15,1.6543296e-15
2374.2000,1.6840505e-15,1.6840505e-15
2375.8000,1.7137714e-15,1.7137714e-15
2377.4000,1.7434923e-15,1.7434923e-15
2379.0000,1.7732133e-15,1.7732133e-15
2380.6000,1.8029242e-15,1.8029242e-15
2382.2000,1.8326451e-15,1.8326451e-15
2383.8000,1.8623661e-15,1.8623661e-15
2385.4000,1.892087e-15,1.892087e-15
2387.0000,1.9218079e-15,1.9218079e-15
2388.6000,1.9515289e-15,1.9515289e-15
2390.2000,1.9352651e-15,1.9352651e-15
2391.8000,1.901303e-15,1.901303e-15
2393.4000,2.0263658e-15,2.0263658e-15
2395.0000,2.0727967e-15,2.0727967e-15
2396.6000,2.041986e-15,2.041986e-15
2398.2000,2.0155252e-15,2.0155252e-15
2399.8000,2.0385448e-15,2.0385448e-15
2401.4000,2.0141499e-15,2.0141499e-15
2403.0000,2.0508234e-15,2.0508234e-15
2404.6000,2.1592239e-15,2.1592239e-15
2406.2000,2.0461995e-15,2.0461995e-15
2407.8000,2.0550018e-15,2.0550018e-15
2409.4000,2.1452205e-15,2.1452205e-15
2411.0000,2.0309126e-15,2.0309126e-15
2412.6000,1.9596086e-15,1.9596086e-15
2414.2000,1.9368093e-15,1.9368093e-15
2415.8000,1.9288558e-15,1.9288558e-15
2417.4000,2.1099534e-15,2.1099534e-15
2419.0000,2.0771494e-15,2.0771494e-15
2420.6000,2.0376883e-15,2.0376883e-15
2422.2000,1.8874474e-15,1.8874474e-15
2423.8000,1.9127968e-15,1.9127968e-15
2425.4000,1.8304804e-15,1.8304804e-15
2427.0000,1.8633657e-15,1.8633657e-15
2428.6000,1.8151079e-15,1.8151079e-15
2430.2000,1.8287509e-15,1.8287509e-15
2431.8000,1.9586294e-15,1.9586294e-15
2433.4000,1.9696544e-15,1.9696544e-15
2435.0000,1.928913e-15,1.928913e-15
2436.6000,1.8737267e-15,1.8737267e-15
2438.2000,1.8318569e-15,1.8318569e-15
2439.8000,1.7923951e-15,1.7923951e-15
2441.4000,1.8198273e-15,1.8198273e-15
2443.0000,1.835676e-15,1.835676e-15
2444.6000,1.8710335e-15,1.8710335e-15
2446.2000,1.8317975e-15,1.8317975e-15
2447.8000,1.8702749e-15,1.8702749e-15
2449.4000,1.8622422e-15,1.8622422e-15
2451.0000,1.8491674e-15,1.8491674e-15
2452.6000,1.8767478e-15,1.8767478e-15
2454.2000,1.7901879e-15,1.7901879e-15
2455.8000,1.8011586e-15,1.8011586e-15
2457.4000,1.752695e-15,1.752695e-15
2459.0000,1.8465562e-15,1.8465562e-15
2460.6000,1.6460785e-15,1.6460785e-15
2462.2000,1.7808015e-15,1.7808015e-15
2463.8000,1.8585343e-15,1.8585343e-15
2465.4000,1.8382858e-15,1.8382858e-15
2467.0000,1.7672358e-15,1.7672358e-15
2468.6000,1.7639267e-15,1.7639267e-15
2470.2000,1.658012e-15,1.658012e-15
2471.8000,1.7211764e-15,1.7211764e-15
2473.4000,1.6479221e-15,1.6479221e-15
2475.0000,1.5824234e-15,1.5824234e-15
2476.6000,1.5433517e-15,1.5433517e-15
2478.2000,1.5555042e-15,1.5555042e-15
2479.8000,1.6458308e-15,1.6458308e-15
2481.4000,1.626053e-15,1.626053e-15
2483.0000,1.5631766e-15,1.5631766e-15
2484.6000,1.5156928e-15,1.5156928e-15
2486.2000,1.5376628e-15,1.5376628e-15
2487.8000,1.5674745e-15,1.5674745e-15
2489.4000,1.4279011e-15,1.4279011e-15
2491.0000,1.5044102e-15,1.5044102e-15
2492.6000,1.4577207e-15,1.4577207e-15
2494.2000,1.3197515e-15,1.3197515e-15
2495.8000,1.3446182e-15,1.3446182e-15
2497.4000,1.3938054e-15,1.3938054e-15
2499.0000,1.4515324e-15,1.4515324e-15
2500.6000,1.4344203e-15,1.4344203e-15
2502.2000,1.3711097e-15,1.3711097e-15
2503.8000,1.3800537e-15,1.3800537e-15
2505.4000,1.3669887e-15,1.3669887e-15
2507.0000,1.3647947e-15,1.3647947e-15
2508.6000,1.3462562e-15,1.3462562e-15
2510.2000,1.2888902e-15,1.2888902e-15
2511.8000,1.4412309e-15,1.4412309e-15
2513.4000,1.3634683e-15,1.3634683e-15
2515.0000,1.344352e-15,1.344352e-15
2516.6000,1.3244603e-15,1.3244603e-15
2518.2000,1.2603465e-15,1.2603465e-15
2519.8000,1.3897284e-15,1.3897284e-15
2521.4000,1.2544297e-15,1.2544297e-15
2523.0000,1.349762e-15,1.349762e-15
2524.6000,1.4108743e-15,1.4108743e-15
2526.2000,1.4188989e-15,1.4188989e-15
2527.8000,1.4305686e-15,1.4305686e-15
2529.4000,1.4953334e-15,1.4953334e-15
2531.0000,1.5809756e-15,1.5809756e-15
2532.6000,1.713845e-15,1.713845e-15
2534.2000,1.6746574e-15,1.6746574e-15
2535.8000,1.8596176e-15,1.8596176e-15
2537.4000,1.9236294e-15,1.9236294e-15
2539.0000,1.9632649e-15,1.9632649e-15
2540.6000,2.0382259e-15,2.0382259e-15
2542.2000,2.1416455e-15,2.1416455e-15
2543.8000,2.2278745e-15,2.2278745e-15
2545.4000,2.2364866e-15,2.2364866e-15
2547.0000,2.2709119e-15,2.2709119e-15
2548.6000,2.2115501e-15,2.2115501e-15
2550.2000,2.3054e-15,2.3054e-15
2551.8000,2.4046228e-15,2.4046228e-15
2553.4000,2.2779696e-15,2.2779696e-15
2555.0000,2.3164661e-15,2.3164661e-15
2556.6000,2.2393715e-15,2.2393715e-15
2558.2000,2.4361771e-15,2.4361771e-15
2559.8000,2.3628272e-15,2.3628272e-15
2561.4000,2.3719978e-15,2.3719978e-15
2563.0000,2.3599748e-15,2.3599748e-15
2564.6000,2.3356882e-15,2.3356882e-15
2566.2000,2.3214456e-15,2.3214456e-15
2567.8000,2.3518254e-15,2.3518254e-15
2569.4000,2.3194836e-15,2.3194836e-15
2571.0000,2.3024961e-15,2.3024961e-15
2572.6000,2.4511599e-15,2.4511599e-15
2574.2000,2.4339619e-15,2.4339619e-15
2575.8000,2.4135701e-15,2.4135701e-15
2577.4000,2.28581e-15,2.28581e-15
2579.0000,2.2663949e-15,2.2663949e-15
2580.6000,2.4282227e-15,2.4282227e-15
2582.2000,2.6106513e-15,2.6106513e-15
2583.8000,2.5793171e-15,2.5793171e-15
2585.4000,2.5479963e-15,2.5479963e-15
2587.0000,2.5166621e-15,2.5166621e-15
2588.6000,2.4853413e-15,2.4853413e-15
2590.2000,2.4540072e-15,2.4540072e-15
2591.8000,2.4226864e-15,2.4226864e-15
2593.4000,2.3913522e-15,2.3913522e-15
2595.0000,2.54208e-15,2.54208e-15
2596.6000,2.6442836e-15,2.6442836e-15
2598.2000,2.5496878e-15,2.5496878e-15
2599.8000,2.4550919e-15,2.4550919e-15
2601.4000,2.3605249e-15,2.3605249e-15
2603.0000,2.2659291e-15,2.2659291e-15
2604.6000,2.1713332e-15,2.1713332e-15
2606.2000,2.2220458e-15,2.2220458e-15
2607.8000,2.3404352e-15,2.3404352e-15
2609.4000,2.3854863e-15,2.3854863e-15
2611.0000,2.5165054e-15,2.5165054e-15
2612.6000,2.4955726e-15,2.4955726e-15
2614.2000,2.5032389e-15,2.5032389e-15
2615.8000,2.4740586e-15,2.4740586e-15
2617.4000,2.4333834e-15,2.4333834e-15
2619.0000,2.2259039e-15,2.2259039e-15
2620.6000,2.3995126e-15,2.3995126e-15
2622.2000,2.3571271e-15,2.3571271e-15
2623.8000,2.2818989e-15,2.2818989e-15
2625.4000,2.2311264e-15,2.2311264e-15
2627.0000,2.1732798e-15,2.1732798e-15
2628.6000,2.1686376e-15,2.1686376e-15
2630.2000,2.1766685e-15,2.1766685e-15
2631.8000,2.0205815e-15,2.0205815e-15
2633.4000,1.9737813e-15,1.9737813e-15
2635.0000,1.9752959e-15,1.9752959e-15
2636.6000,1.9173394e-15,1.9173394e-15
2638.2000,1.8991072e-15,1.8991072e-15
2639.8000,1.7758539e-15,1.7758539e-15
2641.4000,1.718161e-15,1.718161e-15
2643.0000,1.749014e-15,1.749014e-15
2644.6000,1.7176194e-15,1.7176194e-15
2646.2000,1.6322217e-15,1.6322217e-15
2647.8000,1.5564055e-15,1.5564055e-15
2649.4000,1.5293018e-15,1.5293018e-15
2651.0000,1.554109e-15,1.554109e-15
2652.6000,1.4824738e-15,1.4824738e-15
2654.2000,1.4417985e-15,1.4417985e-15
2655.8000,1.457661e-15,1.457661e-15
2657.4000,1.4277877e-15,1.4277877e-15
2659.0000,1.4053028e-15,1.4053028e-15
2660.6000,1.3325409e-15,1.3325409e-15
2662.2000,1.3283154e-15,1.3283154e-15
2663.8000,1.3304555e-15,1.3304555e-15
2665.4000,1.3440538e-15,1.3440538e-15
2667.0000,1.1862501e-15,1.1862501e-15
2668.6000,1.1277477e-15,1.1277477e-15
2670.2000,1.0289149e-15,1.0289149e-15
2671.8000,1.1000371e-15,1.1000371e-15
2673.4000,1.1216378e-15,1.1216378e-15
2675.0000,1.1161791e-15,1.1161791e-15
2676.6000,1.0056095e-15,1.0056095e-15
2678.2000,1.0040639e-15,1.0040639e-15
2679.8000,1.0520575e-15,1.0520575e-15
2681.4000,1.0557671e-15,1.0557671e-15
2683.0000,1.141269e-15,1.141269e-15
2684.6000,1.2092022e-15,1.2092022e-15
2686.2000,1.3794395e-15,1.3794395e-15
2687.8000,1.5290623e-15,1.5290623e-15
2689.4000,1.6523145e-15,1.6523145e-15
2691.0000,1.7615434e-15,1.7615434e-15
2692.6000,1.9074146e-15,1.9074146e-15
2694.2000,2.1519765e-15,2.1519765e-15
2695.8000,2.3571813e-15,2.3571813e-15
2697.4000,2.4486896e-15,2.4486896e-15
2699.0000,2.7177481e-15,2.7177481e-15
2700.6000,2.8757533e-15,2.8757533e-15
2702.2000,3.0813131e-15,3.0813131e-15
2703.8000,3.2142735e-15,3.2142735e-15
2705.4000,3.427405e-15,3.427405e-15
2707.0000,3.4806462e-15,3.4806462e-15
2708.6000,3.7761005e-15,3.7761005e-15
2710.2000,3.8573616e-15,3.8573616e-15
2711.8000,3.9492983e-15,3.9492983e-15
2713.4000,4.0230291e-15,4.0230291e-15
2715.0000,4.0799983e-15,4.0799983e-15
2716.6000,4.0027663e-15,4.0027663e-15
2718.2000,3.9833807e-15,3.9833807e-15
2719.8000,3.9390976e-15,3.9390976e-15
2721.4000,4.0045059e-15,4.0045059e-15
2723.0000,4.0484006e-15,4.0484006e-15
2724.6000,4.1812416e-15,4.1812416e-15
2726.2000,4.1654319e-15,4.1654319e-15
2727.8000,4.1974223e-15,4.1974223e-15
2729.4000,4.0850684e-15,4.0850684e-15
2731.0000,3.9970119e-15,3.9970119e-15
2732.6000,4.0599473e-15,4.0599473e-15
2734.2000,4.0799488e-15,4.0799488e-15
2735.8000,4.0886758e-15,4.0886758e-15
2737.4000,4.1024261e-15,4.1024261e-15
2739.0000,3.9505378e-15,3.9505378e-15
2740.6000,3.7356772e-15,3.7356772e-15
2742.2000,3.8613849e-15,3.8613849e-15
2743.8000,3.90698e-15,3.90698e-15
2745.4000,3.8754714e-15,3.8754714e-15
2747.0000,3.858866e-15,3.858866e-15
2748.6000,3.8271519e-15,3.8271519e-15
2750.2000,3.8353085e-15,3.8353085e-15
2751.8000,3.9714498e-15,3.9714498e-15
2753.4000,3.8841568e-15,3.8841568e-15
2755.0000,3.939827e-15,3.939827e-15
2756.6000,3.9540422e-15,3.9540422e-15
2758.2000,3.7813603e-15,3.7813603e-15
2759.8000,4.0448332e-15,4.0448332e-15
2761.4000,3.8059854e-15,3.8059854e-15
2763.0000,4.1106052e-15,4.1106052e-15
2764.6000,3.9580426e-15,3.9580426e-15
2766.2000,3.856232e-15,3.856232e-15
2767.8000,4.0148164e-15,4.0148164e-15
2769.4000,3.9688088e-15,3.9688088e-15
2771.0000,4.1872649e-15,4.1872649e-15
2772.6000,4.1052154e-15,4.1052154e-15
2774.2000,4.2338681e-15,4.2338681e-15
2775.8000,4.1396546e-15,4.1396546e-15
2777.4000,4.1259147e-15,4.1259147e-15
2779.0000,4.2551894e-15,4.2551894e-15
2780.6000,4.3610509e-15,4.3610509e-15
2782.2000,4.3822305e-15,4.3822305e-15
2783.8000,4.37508e-15,4.37508e-15
2785.4000,4.3828855e-15,4.3828855e-15
2787.0000,4.4237334e-15,4.4237334e-15
2788.6000,4.5234428e-15,4.5234428e-15
2790.2000,4.4285299e-15,4.4285299e-15
2791.8000,4.4819914e-15,4.4819914e-15
2793.4000,4.5126966e-15,4.5126966e-15
2795.0000,4.4758178e-15,4.4758178e-15
2796.6000,4.4389166e-15,4.4389166e-15
2798.2000,4.4020378e-15,4.4020378e-15
2799.8000,4.3651365e-15,4.3651365e-15
2801.4000,4.3282577e-15,4.3282577e-15
2803.0000,4.291379e-15,4.291379e-15
2804.6000,4.2544777e-15,4.2544777e-15
2806.2000,4.2175989e-15,4.2175989e-15
2807.8000,4.1806976e-15,4.1806976e-15
2809.4000,4.1438188e-15,4.1438188e-15
2811.0000,4.4604365e-15,4.4604365e-15
2812.6000,4.7822868e-15,4.7822868e-15
2814.2000,4.7391666e-15,4.7391666e-15
2815.8000,4.6029763e-15,4.6029763e-15
2817.4000,4.4595254e-15,4.4595254e-15
2819.0000,4.5865956e-15,4.5865956e-15
2820.6000,4.4142424e-15,4.4142424e-15
2822.2000,4.3837472e-15,4.3837472e-15
2823.8000,4.4136965e-15,4.4136965e-15
2825.4000,4.3821186e-15,4.3821186e-15
2827.0000,4.3060592e-15,4.3060592e-15
2828.6000,4.3240397e-15,4.3240397e-15
2830.2000,4.2857084e-15,4.2857084e-15
2831.8000,4.2887054e-15,4.2887054e-15
2833.4000,4.3516016e-15,4.3516016e-15
2835.0000,4.3257627e-15,4.3257627e-15
2836.6000,4.2931268e-15,4.2931268e-15
2838.2000,4.3828983e-15,4.3828983e-15
2839.8000,4.3034604e-15,4.3034604e-15
2841.4000,4.1921026e-15,4.1921026e-15
2843.0000,4.3437204e-15,4.3437204e-15
2844.6000,4.3629696e-15,4.3629696e-15
2846.2000,4.3352614e-15,4.3352614e-15
2847.8000,4.3462826e-15,4.3462826e-15
2850.6000,4.2905823e-15,4.2905823e-15
2853.4000,4.2348819e-15,4.2348819e-15
2856.2000,4.1791816e-15,4.1791816e-15
2859.0000,4.1234813e-15,4.1234813e-15
2861.8000,4.4344633e-15,4.4344633e-15
2864.6000,4.4023568e-15,4.4023568e-15
2867.4000,4.3466094e-15,4.3466094e-15
2870.2000,4.5632701e-15,4.5632701e-15
2873.0000,4.5176252e-15,4.5176252e-15
2875.8000,4.5161244e-15,4.5161244e-15
2878.6000,4.6748137e-15,4.6748137e-15
2881.4000,4.7168472e-15,4.7168472e-15
2884.2000,4.9289209e-15,4.9289209e-15
2887.0000,4.8852551e-15,4.8852551e-15
2889.8000,5.1317507e-15,5.1317507e-15
2892.6000,5.3435823e-15,5.3435823e-15
2895.4000,5.5898253e-15,5.5898253e-15
2898.2000,5.9960407e-15,5.9960407e-15
2901.0000,6.4476289e-15,6.4476289e-15
2903.8000,6.5898259e-15,6.5898259e-15
2906.6000,6.8490978e-15,6.8490978e-15
2909.4000,7.3596492e-15,7.3596492e-15
2912.2000,7.2076102e-15,7.2076102e-15
2915.0000,7.4431867e-15,7.4431867e-15
2917.8000,7.4542043e-15,7.4542043e-15
2920.6000,7.345859e-15,7.345859e-15
2923.4000,7.4281325e-15,7.4281325e-15
2926.2000,7.5065275e-15,7.5065275e-15
2929.0000,7.4730326e-15,7.4730326e-15
2931.8000,7.5347542e-15,7.5347542e-15
2934.6000,7.5748746e-15,7.5748746e-15
2937.4000,7.7211812e-15,7.7211812e-15
2940.2000,7.5853197e-15,7.5853197e-15
2943.0000,7.5989435e-15,7.5989435e-15
2945.8000,7.7998615e-15,7.7998615e-15
2948.6000,7.7094393e-15,7.7094393e-15
2951.4000,7.6968304e-15,7.6968304e-15
2954.2000,7.7752043e-15,7.7752043e-15
2957.0000,7.8113392e-15,7.8113392e-15
2959.8000,7.6383065e-15,7.6383065e-15
2962.6000,7.6173682e-15,7.6173682e-15
2965.4000,7.6660747e-15,7.6660747e-15
2968.2000,7.9092189e-15,7.9092189e-15
2971.0000,7.6010072e-15,7.6010072e-15
2973.8000,7.5915255e-15,7.5915255e-15
2976.6000,7.6196716e-15,7.6196716e-15
2979.4000,7.8642292e-15,7.8642292e-15
2982.2000,7.521806e-15,7.521806e-15
2985.0000,7.7017378e-15,7.7017378e-15
2987.8000,7.6673637e-15,7.6673637e-15
2990.6000,7.3702507e-15,7.3702507e-15
2993.4000,7.3528067e-15,7.3528067e-15
2996.2000,7.0103677e-15,7.0103677e-15
2999.0000,6.656233e-15,6.656233e-15
3001.8000,6.4767976e-15,6.4767976e-15
3004.6000,6.4246934e-15,6.4246934e-15
3007.4000,6.3008621e-15,6.3008621e-15
3010.2000,6.1789445e-15,6.1789445e-15
3013.0000,6.0861321e-15,6.0861321e-15
3015.8000,6.1670286e-15,6.1670286e-15
3018.6000,6.2008057e-15,6.2008057e-15
3021.4000,6.0887768e-15,6.0887768e-15
3024.2000,6.216414e-15,6.216414e-15
3027.0000,6.2060973e-15,6.2060973e-15
3029.8000,6.4058388e-15,6.4058388e-15
3032.6000,6.3428462e-15,6.3428462e-15
3035.4000,6.3826744e-15,6.3826744e-15
3038.2000,6.3339278e-15,6.3339278e-15
3041.0000,6.1533877e-15,6.1533877e-15
3043.8000,6.3674722e-15,6.3674722e-15
3046.6000,6.5132753e-15,6.5132753e-15
3049.4000,6.5748768e-15,6.5748768e-15
3052.2000,6.6226017e-15,6.6226017e-15
3055.0000,6.5094717e-15,6.5094717e-15
3057.8000,6.42147e-15,6.42147e-15
3060.6000,6.1652957e-15,6.1652957e-15
3063.4000,6.0708604e-15,6.0708604e-15
3066.2000,6.0397408e-15,6.0397408e-15
3069.0000,6.1332837e-15,6.1332837e-15
3071.8000,6.2662311e-15,6.2662311e-15
3074.6000,6.301654e-15,6.301654e-15
3077.4000,6.1582109e-15,6.1582109e-15
3080.2000,6.0839491e-15,6.0839491e-15
3083.0000,6.386906e-15,6.386906e-15
3085.8000,6.3672072e-15,6.3672072e-15
3088.6000,6.0258225e-15,6.0258225e-15
3091.4000,6.1882519e-15,6.1882519e-15
3094.2000,6.1571178e-15,6.1571178e-15
3097.0000,6.0652081e-15,6.0652081e-15
3099.8000,6.272606e-15,6.272606e-15
3102.6000,5.9828794e-15,5.9828794e-15
3105.4000,6.1523748e-15,6.1523748e-15
3108.2000,6.1284746e-15,6.1284746e-15
3111.0000,6.3126277e-15,6.3126277e-15
3113.8000,6.249265e-15,6.249265e-15
3116.6000,6.4363251e-15,6.4363251e-15
3119.4000,6.4070462e-15,6.4070462e-15
3122.2000,6.3267005e-15,6.3267005e-15
3125.0000,6.6478035e-15,6.6478035e-15
3127.8000,6.5592157e-15,6.5592157e-15
3130.6000,6.8872497e-15,6.8872497e-15
3133.4000,7.0015026e-15,7.0015026e-15
3136.2000,6.9273112e-15,6.9273112e-15
3139.0000,6.8618673e-15,6.8618673e-15
3141.8000,6.9103353e-15,6.9103353e-15
3144.6000,7.0340903e-15,7.0340903e-15
3147.4000,7.1391729e-15,7.1391729e-15
3150.2000,7.181898e-15,7.181898e-15
3153.0000,7.3382891e-15,7.3382891e-15
3155.8000,7.5605755e-15,7.5605755e-15
3158.6000,7.8124258e-15,7.8124258e-15
3161.4000,7.4749023e-15,7.4749023e-15
3164.2000,7.9344029e-15,7.9344029e-15
3167.0000,8.2163682e-15,8.2163682e-15
3169.8000,8.469897e-15,8.469897e-15
3172.6000,8.4468647e-15,8.4468647e-15
3175.4000,8.5557004e-15,8.5557004e-15
3178.2000,8.9254927e-15,8.9254927e-15
3181.0000,9.1119179e-15,9.1119179e-15
3183.8000,9.1152814e-15,9.1152814e-15
3186.6000,9.5644844e-15,9.5644844e-15
3189.4000,9.6819842e-15,9.6819842e-15
3192.2000,9.4946686e-15,9.4946686e-15
3195.0000,9.7115292e-15,9.7115292e-15
3197.8000,9.6147169e-15,9.6147169e-15
3200.6000,9.4703652e-15,9.4703652e-15
3203.4000,9.4006914e-15,9.4006914e-15
3206.2000,9.6328897e-15,9.6328897e-15
3209.0000,9.2189265e-15,9.2189265e-15
3211.8000,8.9073877e-15,8.9073877e-15
3214.6000,8.8212605e-15,8.8212605e-15
3217.4000,8.6360226e-15,8.6360226e-15
3220.2000,8.5706196e-15,8.5706196e-15
3223.0000,8.5028632e-15,8.5028632e-15
3225.8000,8.5986189e-15,8.5986189e-15
3228.6000,8.2414394e-15,8.2414394e-15
3231.4000,7.9764844e-15,7.9764844e-15
3234.2000,7.8324252e-15,7.8324252e-15
3237.0000,7.648165e-15,7.648165e-15
3239.8000,7.5172362e-15,7.5172362e-15
3242.6000,7.4680061e-15,7.4680061e-15
3245.4000,7.377929e-15,7.377929e-15
3248.2000,6.8058461e-15,6.8058461e-15
3251.0000,7.0446956e-15,7.0446956e-15
3253.8000,6.9776271e-15,6.9776271e-15
3256.6000,6.8002784e-15,6.8002784e-15
3259.4000,6.7884885e-15,6.7884885e-15
3262.2000,6.8808687e-15,6.8808687e-15
3265.0000,6.6521668e-15,6.6521668e-15
3267.8000,6.748324e-15,6.748324e-15
3270.6000,6.8775753e-15,6.8775753e-15
3273.4000,6.8384876e-15,6.8384876e-15
3276.2000,6.5724062e-15,6.5724062e-15
3279.0000,6.4419068e-15,6.4419068e-15
3281.8000,6.4636405e-15,6.4636405e-15
3284.6000,6.4508834e-15,6.4508834e-15
3287.4000,6.514891e-15,6.514891e-15
3290.2000,6.50718e-15,6.50718e-15
3293.0000,6.1677699e-15,6.1677699e-15
3295.8000,6.2568062e-15,6.2568062e-15
3298.6000,6.4174833e-15,6.4174833e-15
3301.4000,6.2558851e-15,6.2558851e-15
3304.2000,6.4378154e-15,6.4378154e-15
3307.0000,6.4491831e-15,6.4491831e-15
3309.8000,6.3040292e-15,6.3040292e-15
3312.6000,6.4524487e-15,6.4524487e-15
3315.4000,6.4436929e-15,6.4436929e-15
3318.2000,6.5295934e-15,6.5295934e-15
3321.0000,6.8602653e-15,6.8602653e-15
3323.8000,6.8752996e-15,6.8752996e-15
3326.6000,6.8407951e-15,6.8407951e-15
3329.4000,6.8245257e-15,6.8245257e-15
3332.2000,7.069e-15,7.069e-15
3335.0000,6.9841553e-15,6.9841553e-15
3337.8000,6.9700276e-15,6.9700276e-15
3340.6000,7.1294985e-15,7.1294985e-15
3343.4000,7.1549606e-15,7.1549606e-15
3346.2000,7.1804277e-15,7.1804277e-15
3349.0000,7.1801727e-15,7.1801727e-15
3351.8000,7.2234116e-15,7.2234116e-15
3354.6000,7.0967421e-15,7.0967421e-15
3357.4000,7.2685731e-15,7.2685731e-15
3360.2000,7.1977626e-15,7.1977626e-15
3363.0000,7.3836388e-15,7.3836388e-15
3365.8000,7.3419848e-15,7.3419848e-15
3368.6000,7.28653e-15,7.28653e-15
3371.4000,7.5533526e-15,7.5533526e-15
3374.2000,7.4011495e-15,7.4011495e-15
3377.0000,7.4747963e-15,7.4747963e-15
3379.8000,7.7156745e-15,7.7156745e-15
3382.6000,7.7570396e-15,7.7570396e-15
3385.4000,7.8515628e-15,7.8515628e-15
3388.2000,7.7768399e-15,7.7768399e-15
3391.0000,8.0854711e-15,8.0854711e-15
3393.8000,8.4861217e-15,8.4861217e-15
3396.6000,8.8672526e-15,8.8672526e-15
3399.4000,9.2508588e-15,9.2508588e-15
3402.2000,9.4180562e-15,9.4180562e-15
3405.0000,1.0062309e-14,1.0062309e-14
3407.8000,1.0247175e-14,1.0247175e-14
3410.6000,1.0612872e-14,1.0612872e-14
3413.4000,1.0682443e-14,1.0682443e-14
3416.2000,1.0993144e-14,1.0993144e-14
3419.0000,1.1239368e-14,1.1239368e-14
3421.8000,1.1277143e-14,1.1277143e-14
3424.6000,1.1547511e-14,1.1547511e-14
3427.4000,1.2351586e-14,1.2351586e-14
3430.2000,1.1780017e-14,1.1780017e-14
3433.0000,1.1811309e-14,1.1811309e-14
3435.8000,1.1805248e-14,1.1805248e-14
3438.6000,1.1861827e-14,1.1861827e-14
3441.4000,1.1750975e-14,1.1750975e-14
3444.2000,1.1906328e-14,1.1906328e-14
3447.0000,1.1965945e-14,1.1965945e-14
3449.8000,1.1699526e-14,1.1699526e-14
3452.6000,1.1816449e-14,1.1816449e-14
3455.4000,1.1801265e-14,1.1801265e-14
3458.2000,1.1808408e-14,1.1808408e-14
3461.0000,1.2020048e-14,1.2020048e-14
3463.8000,1.2197702e-14,1.2197702e-14
3466.6000,1.2314984e-14,1.2314984e-14
3469.4000,1.222933e-14,1.222933e-14
3472.2000,1.2167481e-14,1.2167481e-14
3475.0000,1.2107036e-14,1.2107036e-14
3477.8000,1.2172876e-14,1.2172876e-14
3480.6000,1.2072659e-14,1.2072659e-14
3483.4000,1.1878225e-14,1.1878225e-14
3486.2000,1.1910471e-14,1.1910471e-14
3489.0000,1.1790849e-14,1.1790849e-14
3491.8000,1.1864544e-14,1.1864544e-14
3494.6000,1.1933735e-14,1.1933735e-14
3497.4000,1.2137673e-14,1.2137673e-14
3500.2000,1.2262172e-14,1.2262172e-14
3503.0000,1.2311667e-14,1.2311667e-14
3505.8000,1.2622172e-14,1.2622172e-14
3508.6000,1.299269e-14,1.299269e-14
3511.4000,1.3389289e-14,1.3389289e-14
3514.2000,1.3603592e-14,1.3603592e-14
3517.0000,1.3950599e-14,1.3950599e-14
3519.8000,1.4658237e-14,1.4658237e-14
3522.6000,1.5183439e-14,1.5183439e-14
3525.4000,1.5101856e-14,1.5101856e-14
3528.2000,1.5704235e-14,1.5704235e-14
3531.0000,1.6129369e-14,1.6129369e-14
3533.8000,1.6766056e-14,1.6766056e-14
3536.6000,1.7105642e-14,1.7105642e-14
3539.4000,1.6870327e-14,1.6870327e-14
3542.2000,1.7035361e-14,1.7035361e-14
3545.0000,1.7410704e-14,1.7410704e-14
3547.8000,1.7796768e-14,1.7796768e-14
3550.6000,1.7474256e-14,1.7474256e-14
3553.4000,1.7416776e-14,1.7416776e-14
3556.2000,1.7501959e-14,1.7501959e-14
3559.0000,1.7510136e-14,1.7510136e-14
3561.8000,1.7586377e-14,1.7586377e-14
3564.6000,1.8213039e-14,1.8213039e-14
3567.4000,1.8125858e-14,1.8125858e-14
3570.2000,1.8221962e-14,1.8221962e-14
3573.0000,1.8422987e-14,1.8422987e-14
3575.8000,1.8854068e-14,1.8854068e-14
3578.6000,1.9058308e-14,1.9058308e-14
3581.4000,1.9380158e-14,1.9380158e-14
3584.2000,1.949199e-14,1.949199e-14
3587.0000,1.9590353e-14,1.9590353e-14
3589.8000,1.9583335e-14,1.9583335e-14
3592.6000,1.9489991e-14,1.9489991e-14
3595.4000,2.0039248e-14,2.0039248e-14
3598.2000,2.0085673e-14,2.0085673e-14
3601.0000,2.0191269e-14,2.0191269e-14
3603.8000,2.0259561e-14,2.0259561e-14
3606.6000,2.0441585e-14,2.0441585e-14
3609.4000,2.0549029e-14,2.0549029e-14
3612.2000,2.0166563e-14,2.0166563e-14
3615.0000,2.0121461e-14,2.0121461e-14
3617.8000,1.9791818e-14,1.9791818e-14
3620.6000,1.9650441e-14,1.9650441e-14
3623.4000,1.9379972e-14,1.9379972e-14
3626.2000,1.9111048e-14,1.9111048e-14
3629.0000,1.8871851e-14,1.8871851e-14
3631.8000,1.8641465e-14,1.8641465e-14
3634.6000,1.8765471e-14,1.8765471e-14
3637.4000,1.8849645e-14,1.8849645e-14
3640.2000,1.8773686e-14,1.8773686e-14
3643.0000,1.90131e-14,1.90131e-14
3645.8000,1.9394054e-14,1.9394054e-14
3648.6000,1.9332817e-14,1.9332817e-14
3651.4000,1.9910312e-14,1.9910312e-14
3654.2000,2.0680163e-14,2.0680163e-14
3657.0000,2.1063041e-14,2.1063041e-14
3659.8000,2.191422e-14,2.191422e-14
3662.6000,2.2662252e-14,2.2662252e-14
3665.4000,2.3739481e-14,2.3739481e-14
3668.2000,2.4595784e-14,2.4595784e-14
3671.0000,2.574938e-14,2.574938e-14
3673.8000,2.6688475e-14,2.6688475e-14
3676.6000,2.7467214e-14,2.7467214e-14
3679.4000,2.877896e-14,2.877896e-14
3682.2000,2.9964549e-14,2.9964549e-14
3685.0000,3.0739206e-14,3.0739206e-14
3687.8000,3.1461201e-14,3.1461201e-14
3690.6000,3.1996071e-14,3.1996071e-14
3693.4000,3.355745e-14,3.355745e-14
3696.2000,3.3820014e-14,3.3820014e-14
3699.0000,3.452102e-14,3.452102e-14
3701.8000,3.4648914e-14,3.4648914e-14
3704.6000,3.5074876e-14,3.5074876e-14
3707.4000,3.5235485e-14,3.5235485e-14
3710.2000,3.5364729e-14,3.5364729e-14
3713.0000,3.5115222e-14,3.5115222e-14
3715.8000,3.4306646e-14,3.4306646e-14
3718.6000,3.5286064e-14,3.5286064e-14
3721.4000,3.4693047e-14,3.4693047e-14
3724.2000,3.4961196e-14,3.4961196e-14
3727.0000,3.4307991e-14,3.4307991e-14
3729.8000,3.3878756e-14,3.3878756e-14
3732.6000,3.3344894e-14,3.3344894e-14
3735.4000,3.3183357e-14,3.3183357e-14
3738.2000,3.2439413e-14,3.2439413e-14
3741.0000,3.1950137e-14,3.1950137e-14
3743.8000,3.1570475e-14,3.1570475e-14
3746.6000,3.1500716e-14,3.1500716e-14
3749.4000,3.0768065e-14,3.0768065e-14
3752.2000,3.0607503e-14,3.0607503e-14
3755.0000,3.0602597e-14,3.0602597e-14
3757.8000,3.0032945e-14,3.0032945e-14
3760.6000,2.907302e-14,2.907302e-14
3763.4000,2.7811944e-14,2.7811944e-14
3766.2000,2.6866051e-14,2.6866051e-14
3769.0000,2.5797447e-14,2.5797447e-14
3771.8000,2.4497077e-14,2.4497077e-14
3774.6000,2.3343482e-14,2.3343482e-14
3777.4000,2.2250333e-14,2.2250333e-14
3780.2000,2.1202055e-14,2.1202055e-14
3783.0000,2.0194821e-14,2.0194821e-14
3785.8000,1.9335182e-14,1.9335182e-14
3788.6000,1.8371675e-14,1.8371675e-14
3791.4000,1.7670799e-14,1.7670799e-14
3794.2000,1.7061575e-14,1.7061575e-14
3797.0000,1.6385456e-14,1.6385456e-14
3799.8000,1.5675067e-14,1.5675067e-14
3802.6000,1.4966344e-14,1.4966344e-14
3805.4000,1.4477882e-14,1.4477882e-14
3808.2000,1.4084442e-14,1.4084442e-14
3811.0000,1.3807122e-14,1.3807122e-14
3813.8000,1.3393019e-14,1.3393019e-14
3816.6000,1.3126544e-14,1.3126544e-14
3819.4000,1.3114337e-14,1.3114337e-14
3822.2000,1.3137926e-14,1.3137926e-14
3825.0000,1.3081752e-14,1.3081752e-14
3827.8000,1.3231001e-14,1.3231001e-14
3830.6000,1.335204e-14,1.335204e-14
3833.4000,1.3752223e-14,1.3752223e-14
3836.2000,1.4341726e-14,1.4341726e-14
3839.0000,1.4721079e-14,1.4721079e-14
3841.8000,1.5570375e-14,1.5570375e-14
3844.6000,1.636763e-14,1.636763e-14
3847.4000,1.7353206e-14,1.7353206e-14
3850.2000,1.8367829e-14,1.8367829e-14
3853.0000,1.9394345e-14,1.9394345e-14
3855.8000,2.0259924e-14,2.0259924e-14
3858.6000,2.1514138e-14,2.1514138e-14
3861.4000,2.2402533e-14,2.2402533e-14
3864.2000,2.3501382e-14,2.3501382e-14
3867.0000,2.4590481e-14,2.4590481e-14
3869.8000,2.5601603e-14,2.5601603e-14
3872.6000,2.6526367e-14,2.6526367e-14
3875.4000,2.8013772e-14,2.8013772e-14
3878.2000,2.9300144e-14,2.9300144e-14
3881.0000,3.0016817e-14,3.0016817e-14
3883.8000,3.124288e-14,3.124288e-14
3886.6000,3.2241389e-14,3.2241389e-14
3889.4000,3.3252727e-14,3.3252727e-14
3892.2000,3.3891581e-14,3.3891581e-14
3895.0000,3.4697217e-14,3.4697217e-14
3897.8000,3.5414878e-14,3.5414878e-14
3900.6000,3.596308e-14,3.596308e-14
3903.4000,3.6870145e-14,3.6870145e-14
3906.2000,3.7383707e-14,3.7383707e-14
3909.0000,3.8021132e-14,3.8021132e-14
3911.8000,3.8776706e-14,3.8776706e-14
3914.6000,3.9406802e-14,3.9406802e-14
3917.4000,3.9910562e-14,3.9910562e-14
3920.2000,4.0543067e-14,4.0543067e-14
3923.0000,4.142131e-14,4.142131e-14
3925.8000,4.1723292e-14,4.1723292e-14
3928.6000,4.2208285e-14,4.2208285e-14
3931.4000,4.2835676e-14,4.2835676e-14
3934.2000,4.2929252e-14,4.2929252e-14
3937.0000,4.2849835e-14,4.2849835e-14
3939.8000,4.3820485e-14,4.3820485e-14
3942.6000,4.5403821e-14,4.5403821e-14
3945.4000,4.6622513e-14,4.6622513e-14
3948.2000,4.7707191e-14,4.7707191e-14
3951.0000,4.8621125e-14,4.8621125e-14
3953.8000,4.9561526e-14,4.9561526e-14
3956.6000,5.0438234e-14,5.0438234e-14
3959.4000,5.0799781e-14,5.0799781e-14
3962.2000,5.1299464e-14,5.1299464e-14
3965.0000,5.2112549e-14,5.2112549e-14
3967.8000,5.1789614e-14,5.1789614e-14
3970.6000,5.2404653e-14,5.2404653e-14
3973.4000,5.2326994e-14,5.2326994e-14
3976.2000,5.2433857e-14,5.2433857e-14
3979.0000,5.340903e-14,5.340903e-14
3981.8000,5.3708222e-14,5.3708222e-14
3984.6000,5.3389189e-14,5.3389189e-14
3987.4000,5.405865e-14,5.405865e-14
3990.2000,5.323214e-14,5.323214e-14
3993.0000,5.2576354e-14,5.2576354e-14
3995.8000,5.1797854e-14,5.1797854e-14
3998.6000,5.0963707e-14,5.0963707e-14
4001.4000,5.0437237e-14,5.0437237e-14
4004.2000,4.9383589e-14,4.9383589e-14
4007.0000,4.8602698e-14,4.8602698e-14
4009.8000,4.709727e-14,4.709727e-14
4012.6000,4.6562895e-14,4.6562895e-14
4015.4000,4.5273724e-14,4.5273724e-14
4018.2000,4.4577604e-14,4.4577604e-14
4021.0000,4.3652859e-14,4.3652859e-14
4023.8000,4.2514589e-14,4.2514589e-14
4026.6000,4.1616972e-14,4.1616972e-14
4029.4000,4.0811032e-14,4.0811032e-14
4032.2000,3.949092e-14,3.949092e-14
4035.0000,3.8605148e-14,3.8605148e-14
4037.8000,3.8027516e-14,3.8027516e-14
4040.6000,3.7223915e-14,3.7223915e-14
4043.4000,3.6277775e-14,3.6277775e-14
4046.2000,3.5697634e-14,3.5697634e-14
4049.0000,3.5498498e-14,3.5498498e-14
4051.8000,3.5034672e-14,3.5034672e-14
4054.6000,3.4630847e-14,3.4630847e-14
4057.4000,3.4410676e-14,3.4410676e-14
4060.2000,3.4172957e-14,3.4172957e-14
4063.0000,3.4143933e-14,3.4143933e-14
4065.8000,3.4429592e-14,3.4429592e-14
4068.6000,3.462715e-14,3.462715e-14
4071.4000,3.4651239e-14,3.4651239e-14
4074.2000,3.4438299e-14,3.4438299e-14
4077.0000,3.4514512e-14,3.4514512e-14
4079.8000,3.4542429e-14,3.4542429e-14
4082.6000,3.4195587e-14,3.4195587e-14
4085.4000,3.3726106e-14,3.3726106e-14
4088.2000,3.3320911e-14,3.3320911e-14
4091.0000,3.2548462e-14,3.2548462e-14
4093.8000,3.2178253e-14,3.2178253e-14
4096.6000,3.1645183e-14,3.1645183e-14
4099.4000,3.1355741e-14,3.1355741e-14
4102.2000,3.0891833e-14,3.0891833e-14
4105.0000,3.0610795e-14,3.0610795e-14
4107.8000,3.065899e-14,3.065899e-14
4110.6000,3.021414e-14,3.021414e-14
4113.4000,2.9922896e-14,2.9922896e-14
4116.2000,2.9862188e-14,2.9862188e-14
4119.0000,2.9914918e-14,2.9914918e-14
4121.8000,2.9667889e-14,2.9667889e-14
4124.6000,2.9547041e-14,2.9547041e-14
4127.4000,2.9447765e-14,2.9447765e-14
4130.2000,2.9155496e-14,2.9155496e-14
4133.0000,2.899456e-14,2.899456e-14
4135.8000,2.9322436e-14,2.9322436e-14
4138.6000,2.9148558e-14,2.9148558e-14
4141.4000,2.8861913e-14,2.8861913e-14
4144.2000,2.9352763e-14,2.9352763e-14
4147.0000,2.9048709e-14,2.9048709e-14
4149.8000,2.8820131e-14,2.8820131e-14
4152.6000,2.8824697e-14,2.8824697e-14
4155.4000,2.8645748e-14,2.8645748e-14
4158.2000,2.8409e-14,2.8409e-14
4161.0000,2.8487173e-14,2.8487173e-14
4163.8000,2.8625551e-14,2.8625551e-14
4166.6000,2.8485353e-14,2.8485353e-14
4169.4000,2.8438372e-14,2.8438372e-14
4172.2000,2.8828482e-14,2.8828482e-14
4175.0000,2.9104017e-14,2.9104017e-14
4177.8000,2.9242958e-14,2.9242958e-14
4180.6000,2.9628683e-14,2.9628683e-14
4183.4000,3.0017657e-14,3.0017657e-14
4186.2000,3.0414756e-14,3.0414756e-14
4189.0000,3.0659332e-14,3.0659332e-14
4191.8000,3.1120129e-14,3.1120129e-14
4194.6000,3.1821008e-14,3.1821008e-14
4197.4000,3.2225294e-14,3.2225294e-14
4200.2000,3.2346362e-14,3.2346362e-14
4203.0000,3.2496368e-14,3.2496368e-14
4205.8000,3.2589444e-14,3.2589444e-14
4208.6000,3.2873251e-14,3.2873251e-14
4211.4000,3.2823911e-14,3.2823911e-14
4214.2000,3.2707953e-14,3.2707953e-14
4217.0000,3.2735198e-14,3.2735198e-14
4219.8000,3.2829472e-14,3.2829472e-14
4222.6000,3.2841441e-14,3.2841441e-14
4225.4000,3.2738648e-14,3.2738648e-14
4228.2000,3.2926695e-14,3.2926695e-14
4231.0000,3.3106417e-14,3.3106417e-14
4233.8000,3.3015404e-14,3.3015404e-14
4236.6000,3.3108434e-14,3.3108434e-14
4239.4000,3.3184023e-14,3.3184023e-14
4242.2000,3.3471042e-14,3.3471042e-14
4245.0000,3.3410668e-14,3.3410668e-14
4247.8000,3.3407762e-14,3.3407762e-14
4250.6000,3.3044361e-14,3.3044361e-14
4253.4000,3.3081323e-14,3.3081323e-14
4256.2000,3.3177017e-14,3.3177017e-14
4259.0000,3.345857e-14,3.345857e-14
4261.8000,3.3464805e-14,3.3464805e-14
4264.6000,3.3358167e-14,3.3358167e-14
4267.4000,3.3489171e-14,3.3489171e-14
4270.2000,3.3435045e-14,3.3435045e-14
4273.0000,3.3518738e-14,3.3518738e-14
4275.8000,3.3461239e-14,3.3461239e-14
4278.6000,3.3320042e-14,3.3320042e-14
4281.4000,3.3692905e-14,3.3692905e-14
4284.2000,3.3691453e-14,3.3691453e-14
4287.0000,3.3813015e-14,3.3813015e-14
4289.8000,3.4163627e-14,3.4163627e-14
4292.6000,3.4642431e-14,3.4642431e-14
4295.4000,3.4931086e-14,3.4931086e-14
4298.2000,3.5457443e-14,3.5457443e-14
4301.0000,3.6295042e-14,3.6295042e-14
4303.8000,3.6676622e-14,3.6676622e-14
4306.6000,3.7117365e-14,3.7117365e-14
4309.4000,3.7729195e-14,3.7729195e-14
4312.2000,3.8298684e-14,3.8298684e-14
4315.0000,3.8622575e-14,3.8622575e-14
4317.8000,3.8826516e-14,3.8826516e-14
4320.6000,3.9534304e-14,3.9534304e-14
4323.4000,3.9758952e-14,3.9758952e-14
4326.2000,3.9926268e-14,3.9926268e-14
4329.0000,4.0127232e-14,4.0127232e-14
4331.8000,4.0057393e-14,4.0057393e-14
4334.6000,3.989106e-14,3.989106e-14
4337.4000,4.0046675e-14,4.0046675e-14
4340.2000,3.9777952e-14,3.9777952e-14
4343.0000,3.9128416e-14,3.9128416e-14
4345.8000,3.8272776e-14,3.8272776e-14
4348.6000,3.7765117e-14,3.7765117e-14
4351.4000,3.7035217e-14,3.7035217e-14
4354.2000,3.6185938e-14,3.6185938e-14
4357.0000,3.5343032e-14,3.5343032e-14
4359.8000,3.4562661e-14,3.4562661e-14
4362.6000,3.3677852e-14,3.3677852e-14
4365.4000,3.3042507e-14,3.3042507e-14
4368.2000,3.2142443e-14,3.2142443e-14
4371.0000,3.1046639e-14,3.1046639e-14
4373.8000,3.0207297e-14,3.0207297e-14
4376.6000,2.9416387e-14,2.9416387e-14
4379.4000,2.8631767e-14,2.8631767e-14
4382.2000,2.8207076e-14,2.8207076e-14
4385.0000,2.7160292e-14,2.7160292e-14
4387.8000,2.6522658e-14,2.6522658e-14
4390.6000,2.5815352e-14,2.5815352e-14
4393.4000,2.5164469e-14,2.5164469e-14
4396.2000,2.4590669e-14,2.4590669e-14
4399.0000,2.4024782e-14,2.4024782e-14
4401.8000,2.3591291e-14,2.3591291e-14
4404.6000,2.2798073e-14,2.2798073e-14
4407.4000,2.221332e-14,2.221332e-14
4410.2000,2.1843039e-14,2.1843039e-14
4413.0000,2.1454286e-14,2.1454286e-14
4415.8000,2.1082879e-14,2.1082879e-14
4418.6000,2.0624882e-14,2.0624882e-14
4421.4000,2.0406584e-14,2.0406584e-14
4424.2000,2.002365e-14,2.002365e-14
4427.0000,1.9793042e-14,1.9793042e-14
4429.8000,1.9622273e-14,1.9622273e-14
4432.6000,1.9715136e-14,1.9715136e-14
4435.4000,1.9636947e-14,1.9636947e-14
4438.2000,1.9880839e-14,1.9880839e-14
4441.0000,1.969556e-14,1.969556e-14
4443.8000,1.9657517e-14,1.9657517e-14
4446.6000,1.9894849e-14,1.9894849e-14
4449.4000,2.0435193e-14,2.0435193e-14
4452.2000,2.0668407e-14,2.0668407e-14
4455.0000,2.0898917e-14,2.0898917e-14
4457.8000,2.1288748e-14,2.1288748e-14
4460.6000,2.1642099e-14,2.1642099e-14
4463.4000,2.1765495e-14,2.1765495e-14
4466.2000,2.2182847e-14,2.2182847e-14
4469.0000,2.2481839e-14,2.2481839e-14
4471.8000,2.2920616e-14,2.2920616e-14
4474.6000,2.29389e-14,2.29389e-14
4477.4000,2.334945e-14,2.334945e-14
4480.2000,2.3736254e-14,2.3736254e-14
4483.0000,2.3910696e-14,2.3910696e-14
4485.8000,2.4393253e-14,2.4393253e-14
4488.6000,2.4882873e-14,2.4882873e-14
4491.4000,2.5305187e-14,2.5305187e-14
4494.2000,2.5733455e-14,2.5733455e-14
4497.0000,2.615087e-14,2.615087e-14
4499.8000,2.6904475e-14,2.6904475e-14
4502.6000,2.7494811e-14,2.7494811e-14
4505.4000,2.8138338e-14,2.8138338e-14
4508.2000,2.8925231e-14,2.8925231e-14
4511.0000,2.9519365e-14,2.9519365e-14
4513.8000,3.024808e-14,3.024808e-14
4516.6000,3.1017732e-14,3.1017732e-14
4519.4000,3.1591595e-14,3.1591595e-14
4522.2000,3.2397146e-14,3.2397146e-14
4525.0000,3.3315328e-14,3.3315328e-14
4527.8000,3.4022293e-14,3.4022293e-14
4530.6000,3.4984514e-14,3.4984514e-14
4533.4000,3.5778351e-14,3.5778351e-14
4536.2000,3.6596561e-14,3.6596561e-14
4539.0000,3.7822357e-14,3.7822357e-14
4541.8000,3.9558064e-14,3.9558064e-14
4544.6000,4.1141968e-14,4.1141968e-14
4547.4000,4.2375256e-14,4.2375256e-14
4550.2000,4.4139254e-14,4.4139254e-14
4553.0000,4.6012595e-14,4.6012595e-14
4555.8000,4.7601292e-14,4.7601292e-14
4558.6000,4.9468141e-14,4.9468141e-14
4561.4000,5.1091542e-14,5.1091542e-14
4564.2000,5.2734194e-14,5.2734194e-14
4567.0000,5.4475376e-14,5.4475376e-14
4569.8000,5.6391956e-14,5.6391956e-14
4572.6000,5.8083692e-14,5.8083692e-14
4575.4000,5.9503491e-14,5.9503491e-14
4578.2000,6.0837952e-14,6.0837952e-14
4581.0000,6.2510535e-14,6.2510535e-14
4583.8000,6.3639901e-14,6.3639901e-14
4586.6000,6.4331781e-14,6.4331781e-14
4589.4000,6.5300197e-14,6.5300197e-14
4592.2000,6.6258881e-14,6.6258881e-14
4595.0000,6.6782078e-14,6.6782078e-14
4597.8000,6.6957868e-14,6.6957868e-14
4600.6000,6.7177665e-14,6.7177665e-14
4603.4000,6.7343718e-14,6.7343718e-14
4606.2000,6.7840373e-14,6.7840373e-14
4609.0000,6.7793882e-14,6.7793882e-14
4611.8000,6.831157e-14,6.831157e-14
4614.6000,6.8481014e-14,6.8481014e-14
4617.4000,6.8779814e-14,6.8779814e-14
4620.2000,6.8848274e-14,6.8848274e-14
4623.0000,6.9566803e-14,6.9566803e-14
4625.8000,6.957968e-14,6.957968e-14
4628.6000,6.9634459e-14,6.9634459e-14
4631.4000,7.044397e-14,7.044397e-14
4634.2000,7.087429e-14,7.087429e-14
4637.0000,7.0905685e-14,7.0905685e-14
4639.8000,7.102464e-14,7.102464e-14
4642.6000,7.0703416e-14,7.0703416e-14
4645.4000,7.0478764e-14,7.0478764e-14
4648.2000,7.0484518e-14,7.0484518e-14
4651.0000,7.0792688e-14,7.0792688e-14
4653.8000,7.0560244e-14,7.0560244e-14
4656.6000,7.0202325e-14,7.0202325e-14
4659.4000,6.9528656e-14,6.9528656e-14
4662.2000,6.7833391e-14,6.7833391e-14
4665.0000,6.6586325e-14,6.6586325e-14
4667.8000,6.510287e-14,6.510287e-14
4670.6000,6.2995506e-14,6.2995506e-14
4673.4000,6.0631594e-14,6.0631594e-14
4676.2000,5.8487724e-14,5.8487724e-14
4679.0000,5.6519006e-14,5.6519006e-14
4681.8000,5.4622137e-14,5.4622137e-14
4684.6000,5.258727e-14,5.258727e-14
4687.4000,4.9855937e-14,4.9855937e-14
4690.2000,4.7878833e-14,4.7878833e-14
4693.0000,4.6204172e-14,4.6204172e-14
4695.8000,4.4221639e-14,4.4221639e-14
4698.6000,4.2438498e-14,4.2438498e-14
4701.4000,4.0945364e-14,4.0945364e-14
4704.2000,3.9631614e-14,3.9631614e-14
4707.0000,3.7837049e-14,3.7837049e-14
4709.8000,3.636158e-14,3.636158e-14
4712.6000,3.5404432e-14,3.5404432e-14
4715.4000,3.4212042e-14,3.4212042e-14
4718.2000,3.3218169e-14,3.3218169e-14
4721.0000,3.2302661e-14,3.2302661e-14
4723.8000,3.1565268e-14,3.1565268e-14
4726.6000,3.0377712e-14,3.0377712e-14
4729.4000,3.015262e-14,3.015262e-14
4732.2000,2.9659696e-14,2.9659696e-14
4735.0000,2.9258475e-14,2.9258475e-14
4737.8000,2.8959623e-14,2.8959623e-14
4740.6000,2.8378473e-14,2.8378473e-14
4743.4000,2.7480961e-14,2.7480961e-14
4746.2000,2.7405054e-14,2.7405054e-14
4749.0000,2.6961254e-14,2.6961254e-14
4751.8000,2.6496437e-14,2.6496437e-14
4754.6000,2.6149785e-14,2.6149785e-14
4757.4000,2.6024679e-14,2.6024679e-14
4760.2000,2.5854275e-14,2.5854275e-14
4763.0000,2.5679109e-14,2.5679109e-14
4765.8000,2.5625971e-14,2.5625971e-14
4768.6000,2.5644381e-14,2.5644381e-14
4771.4000,2.5786068e-14,2.5786068e-14
4774.2000,2.5997833e-14,2.5997833e-14
4777.0000,2.6378337e-14,2.6378337e-14
4779.8000,2.6680347e-14,2.6680347e-14
4782.6000,2.6968512e-14,2.6968512e-14
4785.4000,2.7493362e-14,2.7493362e-14
4788.2000,2.813532e-14,2.813532e-14
4791.0000,2.8818522e-14,2.8818522e-14
4793.8000,2.9448227e-14,2.9448227e-14
4796.6000,3.034852e-14,3.034852e-14
4799.4000,3.1353146e-14,3.1353146e-14
4802.2000,3.2184629e-14,3.2184629e-14
4805.0000,3.3192691e-14,3.3192691e-14
4807.8000,3.4248084e-14,3.4248084e-14
4810.6000,3.5299775e-14,3.5299775e-14
4813.4000,3.6888112e-14,3.6888112e-14
4816.2000,3.7749338e-14,3.7749338e-14
4819.0000,3.8483766e-14,3.8483766e-14
4821.8000,3.9018981e-14,3.9018981e-14
4824.6000,3.951923e-14,3.951923e-14
4827.4000,3.9870756e-14,3.9870756e-14
4830.2000,4.0107944e-14,4.0107944e-14
4833.0000,3.9945134e-14,3.9945134e-14
4835.8000,3.9731343e-14,3.9731343e-14
4838.6000,3.8909337e-14,3.8909337e-14
4841.4000,3.8324624e-14,3.8324624e-14
4844.2000,3.808964e-14,3.808964e-14
4847.0000,3.7737166e-14,3.7737166e-14
4849.8000,3.7233935e-14,3.7233935e-14
4852.6000,3.6741848e-14,3.6741848e-14
4855.4000,3.6101078e-14,3.6101078e-14
4858.2000,3.5854846e-14,3.5854846e-14
4861.0000,3.5152719e-14,3.5152719e-14
4863.8000,3.4489428e-14,3.4489428e-14
4866.6000,3.4291787e-14,3.4291787e-14
4869.4000,3.4467424e-14,3.4467424e-14
4872.2000,3.4299227e-14,3.4299227e-14
4875.0000,3.4611458e-14,3.4611458e-14
4877.8000,3.472745e-14,3.472745e-14
4880.6000,3.5142543e-14,3.5142543e-14
4883.4000,3.5806022e-14,3.5806022e-14
4886.2000,3.6295011e-14,3.6295011e-14
4889.0000,3.665792e-14,3.665792e-14
4891.8000,3.7561821e-14,3.7561821e-14
4894.6000,3.8943222e-14,3.8943222e-14
4897.4000,4.0058047e-14,4.0058047e-14
4900.2000,4.0945976e-14,4.0945976e-14
4903.0000,4.2234099e-14,4.2234099e-14
4905.8000,4.4062741e-14,4.4062741e-14
4908.6000,4.5485525e-14,4.5485525e-14
4911.4000,4.7127322e-14,4.7127322e-14
4914.2000,4.8963736e-14,4.8963736e-14
4917.0000,5.0584336e-14,5.0584336e-14
4919.8000,5.1961324e-14,5.1961324e-14
4922.6000,5.3427608e-14,5.3427608e-14
4925.4000,5.5057946e-14,5.5057946e-14
4928.2000,5.6477406e-14,5.6477406e-14
4931.0000,5.8373701e-14,5.8373701e-14
4933.8000,5.9994776e-14,5.9994776e-14
4936.6000,6.1412288e-14,6.1412288e-14
4939.4000,6.2649205e-14,6.2649205e-14
4942.2000,6.4368336e-14,6.4368336e-14
4945.0000,6.5588768e-14,6.5588768e-14
4947.8000,6.611565e-14,6.611565e-14
4950.6000,6.6903721e-14,6.6903721e-14
4953.4000,6.7404645e-14,6.7404645e-14
4956.2000,6.7316873e-14,6.7316873e-14
4959.0000,6.6936178e-14,6.6936178e-14
4961.8000,6.6089329e-14,6.6089329e-14
4964.6000,6.5163059e-14,6.5163059e-14
4967.4000,6.4234833e-14,6.4234833e-14
4970.2000,6.237286e-14,6.237286e-14
4973.0000,6.1032232e-14,6.1032232e-14
4975.8000,5.9010424e-14,5.9010424e-14
4978.6000,5.7191902e-14,5.7191902e-14
4981.4000,5.5814539e-14,5.5814539e-14
4984.2000,5.3385031e-14,5.3385031e-14
4987.0000,5.1794415e-14,5.1794415e-14
4989.8000,4.9405173e-14,4.9405173e-14
4992.6000,4.80094e-14,4.80094e-14
4995.4000,4.6118647e-14,4.6118647e-14
4998.2000,4.4925306e-14,4.4925306e-14
5001.0000,4.3010211e-14,4.3010211e-14
5005.9000,4.0811903e-14,4.0811903e-14
5010.8000,3.8718035e-14,3.8718035e-14
5015.7000,3.6762449e-14,3.6762449e-14
5020.6000,3.5674966e-14,3.5674966e-14
5025.5000,3.4416954e-14,3.4416954e-14
5030.4000,3.3279154e-14,3.3279154e-14
5035.3000,3.2035206e-14,3.2035206e-14
5040.2000,3.1642623e-14,3.1642623e-14
5045.1000,3.1507179e-14,3.1507179e-14
5050.0000,3.1324313e-14,3.1324313e-14
5054.9000,3.0939104e-14,3.0939104e-14
5059.8000,3.1170648e-14,3.1170648e-14
5064.7000,3.0655773e-14,3.0655773e-14
5069.6000,3.0378137e-14,3.0378137e-14
5074.5000,2.9997538e-14,2.9997538e-14
5079.4000,2.9730737e-14,2.9730737e-14
5084.3000,2.9752165e-14,2.9752165e-14
5089.2000,2.9845376e-14,2.9845376e-14
5094.1000,2.9608693e-14,2.9608693e-14
5099.0000,2.9421792e-14,2.9421792e-14
5103.9000,2.9410296e-14,2.9410296e-14
5108.8000,2.907984e-14,2.907984e-14
5113.7000,2.8967034e-14,2.8967034e-14
5118.6000,2.8912358e-14,2.8912358e-14
5123.5000,2.9222387e-14,2.9222387e-14
5128.4000,2.9065949e-14,2.9065949e-14
5133.3000,2.8766617e-14,2.8766617e-14
5138.2000,2.8861312e-14,2.8861312e-14
5143.1000,2.8588873e-14,2.8588873e-14
5148.0000,2.8352508e-14,2.8352508e-14
5152.9000,2.8538965e-14,2.8538965e-14
5157.8000,2.8698005e-14,2.8698005e-14
5162.7000,2.9235162e-14,2.9235162e-14
5167.6000,2.9676012e-14,2.9676012e-14
5172.5000,2.9802887e-14,2.9802887e-14
5177.4000,3.0490888e-14,3.0490888e-14
5182.3000,3.1132247e-14,3.1132247e-14
5187.2000,3.1790066e-14,3.1790066e-14
5192.1000,3.2572825e-14,3.2572825e-14
5197.0000,3.3485818e-14,3.3485818e-14
5201.9000,3.4335094e-14,3.4335094e-14
5206.8000,3.5266317e-14,3.5266317e-14
5211.7000,3.5872734e-14,3.5872734e-14
5216.6000,3.697316e-14,3.697316e-14
5221.5000,3.7769174e-14,3.7769174e-14
5226.4000,3.9379166e-14,3.9379166e-14
5231.3000,4.0712476e-14,4.0712476e-14
5236.2000,4.1830199e-14,4.1830199e-14
5241.1000,4.3484057e-14,4.3484057e-14
5246.0000,4.4700328e-14,4.4700328e-14
5250.9000,4.5653982e-14,4.5653982e-14
5255.8000,4.6458091e-14,4.6458091e-14
5260.7000,4.7647969e-14,4.7647969e-14
5265.6000,4.7955684e-14,4.7955684e-14
5270.5000,4.8799906e-14,4.8799906e-14
5275.4000,4.9175878e-14,4.9175878e-14
5280.3000,5.009936e-14,5.009936e-14
5285.2000,5.118782e-14,5.118782e-14
5290.1000,5.2566177e-14,5.2566177e-14
5295.0000,5.4068942e-14,5.4068942e-14
5299.9000,5.5622595e-14,5.5622595e-14
5304.8000,5.6775186e-14,5.6775186e-14
5309.7000,5.7469099e-14,5.7469099e-14
5314.6000,5.8462302e-14,5.8462302e-14
5319.5000,5.8476889e-14,5.8476889e-14
5324.4000,5.8488644e-14,5.8488644e-14
5329.3000,5.7844149e-14,5.7844149e-14
5334.2000,5.7412978e-14,5.7412978e-14
5339.1000,5.6190757e-14,5.6190757e-14
5344.0000,5.552789e-14,5.552789e-14
5348.9000,5.4933369e-14,5.4933369e-14
5353.8000,5.3732151e-14,5.3732151e-14
5358.7000,5.2686264e-14,5.2686264e-14
5363.6000,5.2023302e-14,5.2023302e-14
5368.5000,5.1908079e-14,5.1908079e-14
5373.4000,5.1482389e-14,5.1482389e-14
5378.3000,5.0928988e-14,5.0928988e-14
5383.2000,5.0739396e-14,5.0739396e-14
5388.1000,5.1275956e-14,5.1275956e-14
5393.0000,5.2461623e-14,5.2461623e-14
5397.9000,5.3603637e-14,5.3603637e-14
5402.8000,5.4977232e-14,5.4977232e-14
5407.7000,5.630491e-14,5.630491e-14
5412.6000,5.7651557e-14,5.7651557e-14
5417.5000,5.9472915e-14,5.9472915e-14
5422.4000,6.1298423e-14,6.1298423e-14
5427.3000,6.3181739e-14,6.3181739e-14
5432.2000,6.551628e-14,6.551628e-14
5437.1000,6.7213543e-14,6.7213543e-14
5442.0000,6.9386283e-14,6.9386283e-14
5446.9000,7.2080264e-14,7.2080264e-14
5451.8000,7.4601565e-14,7.4601565e-14
5456.7000,7.7087172e-14,7.7087172e-14
5461.6000,7.962607e-14,7.962607e-14
5466.5000,8.1999771e-14,8.1999771e-14
5471.4000,8.3687202e-14,8.3687202e-14
5476.3000,8.6406824e-14,8.6406824e-14
5481.2000,8.8293288e-14,8.8293288e-14
5486.1000,9.0049183e-14,9.0049183e-14
5491.0000,9.1204388e-14,9.1204388e-14
5495.9000,9.3142429e-14,9.3142429e-14
5500.8000,9.3431995e-14,9.3431995e-14
5505.7000,9.4373975e-14,9.4373975e-14
5510.6000,9.5545884e-14,9.5545884e-14
5515.5000,9.5597857e-14,9.5597857e-14
5520.4000,9.5774663e-14,9.5774663e-14
5525.3000,9.5430299e-14,9.5430299e-14
5530.2000,9.5167243e-14,9.5167243e-14
5535.1000,9.4548964e-14,9.4548964e-14
5540.0000,9.3845595e-14,9.3845595e-14
5544.9000,9.2980746e-14,9.2980746e-14
5549.8000,9.1902444e-14,9.1902444e-14
5554.7000,9.1015998e-14,9.1015998e-14
5559.6000,9.0433978e-14,9.0433978e-14
5564.5000,8.9241767e-14,8.9241767e-14
5569.4000,8.8177286e-14,8.8177286e-14
5574.3000,8.7253952e-14,8.7253952e-14
5579.2000,8.6016537e-14,8.6016537e-14
5584.1000,8.4292278e-14,8.4292278e-14
5589.0000,8.3075368e-14,8.3075368e-14
5593.9000,8.1437359e-14,8.1437359e-14
5598.8000,7.9757785e-14,7.9757785e-14
5603.7000,7.8542443e-14,7.8542443e-14
5608.6000,7.6511541e-14,7.6511541e-14
5613.5000,7.5096754e-14,7.5096754e-14
5618.4000,7.3232929e-14,7.3232929e-14
5623.3000,7.1648461e-14,7.1648461e-14
5628.2000,6.8938039e-14,6.8938039e-14
5633.1000,6.697121e-14,6.697121e-14
5638.0000,6.4041778e-14,6.4041778e-14
5642.9000,6.2248937e-14,6.2248937e-14
5647.8000,5.9674916e-14,5.9674916e-14
5652.7000,5.6631969e-14,5.6631969e-14
5657.6000,5.3715476e-14,5.3715476e-14
5662.5000,5.0962843e-14,5.0962843e-14
5667.4000,4.8809153e-14,4.8809153e-14
5672.3000,4.6251575e-14,4.6251575e-14
5677.2000,4.4423199e-14,4.4423199e-14
5682.1000,4.2786833e-14,4.2786833e-14
5687.0000,4.0936535e-14,4.0936535e-14
5691.9000,3.9862667e-14,3.9862667e-14
5696.8000,3.9227679e-14,3.9227679e-14
5701.7000,3.8934121e-14,3.8934121e-14
5706.6000,3.8986874e-14,3.8986874e-14
5711.5000,3.9408203e-14,3.9408203e-14
5716.4000,3.9985885e-14,3.9985885e-14
5721.3000,4.0573118e-14,4.0573118e-14
5726.2000,4.1790012e-14,4.1790012e-14
5731.1000,4.3438119e-14,4.3438119e-14
5736.0000,4.5078429e-14,4.5078429e-14
5740.9000,4.6779382e-14,4.6779382e-14
5745.8000,4.8269177e-14,4.8269177e-14
5750.7000,4.9966435e-14,4.9966435e-14
5755.6000,5.211719e-14,5.211719e-14
5760.5000,5.4371202e-14,5.4371202e-14
5765.4000,5.6614703e-14,5.6614703e-14
5770.3000,5.9086217e-14,5.9086217e-14
5775.2000,6.0563239e-14,6.0563239e-14
5780.1000,6.2493694e-14,6.2493694e-14
5785.0000,6.5165724e-14,6.5165724e-14
5789.9000,6.7319228e-14,6.7319228e-14
5794.8000,6.8929057e-14,6.8929057e-14
5799.7000,7.0228714e-14,7.0228714e-14
5804.6000,7.1714205e-14,7.1714205e-14
5809.5000,7.2915579e-14,7.2915579e-14
5814.4000,7.3431719e-14,7.3431719e-14
5819.3000,7.3549643e-14,7.3549643e-14
5824.2000,7.3507914e-14,7.3507914e-14
5829.1000,7.2996118e-14,7.2996118e-14
5834.0000,7.337643e-14,7.337643e-14
5838.9000,7.3254626e-14,7.3254626e-14
5843.8000,7.2723676e-14,7.2723676e-14
5848.7000,7.2889668e-14,7.2889668e-14
5853.6000,7.2368348e-14,7.2368348e-14
5858.5000,7.0871355e-14,7.0871355e-14
5863.4000,6.9694242e-14,6.9694242e-14
5868.3000,6.8834878e-14,6.8834878e-14
5873.2000,6.7961447e-14,6.7961447e-14
5878.1000,6.7277198e-14,6.7277198e-14
5883.0000,6.5849758e-14,6.5849758e-14
5887.9000,6.4346486e-14,6.4346486e-14
5892.8000,6.2890307e-14,6.2890307e-14
5897.7000,6.2007341e-14,6.2007341e-14
5902.6000,6.1454113e-14,6.1454113e-14
5907.5000,6.0413461e-14,6.0413461e-14
5912.4000,6.0042697e-14,6.0042697e-14
5917.3000,5.9697389e-14,5.9697389e-14
5922.2000,5.8601005e-14,5.8601005e-14
5927.1000,5.7402112e-14,5.7402112e-14
5932.0000,5.653856e-14,5.653856e-14
5936.9000,5.569478e-14,5.569478e-14
5941.8000,5.4740089e-14,5.4740089e-14
5946.7000,5.331284e-14,5.331284e-14
5951.6000,5.2270287e-14,5.2270287e-14
5956.5000,5.0429007e-14,5.0429007e-14
5961.4000,4.8483529e-14,4.8483529e-14
5966.3000,4.693463e-14,4.693463e-14
5971.2000,4.5098436e-14,4.5098436e-14
5976.1000,4.3272322e-14,4.3272322e-14
5981.0000,4.1663827e-14,4.1663827e-14
5985.9000,4.0349346e-14,4.0349346e-14
5990.8000,3.934065e-14,3.934065e-14
5995.7000,3.851683e-14,3.851683e-14
6000.6000,3.756877e-14,3.756877e-14
6005.5000,3.7536e-14,3.7536e-14
6010.4000,3.7480848e-14,3.7480848e-14
6015.3000,3.7716306e-14,3.7716306e-14
6020.2000,3.7799194e-14,3.7799194e-14
6025.1000,3.7891198e-14,3.7891198e-14
6030.0000,3.8239083e-14,3.8239083e-14
6034.9000,3.8476764e-14,3.8476764e-14
6039.8000,3.8803225e-14,3.8803225e-14
6044.7000,3.8731468e-14,3.8731468e-14
6049.6000,3.8393982e-14,3.8393982e-14
6054.5000,3.855691e-14,3.855691e-14
6059.4000,3.8049939e-14,3.8049939e-14
6064.3000,3.7482348e-14,3.7482348e-14
6069.2000,3.7158305e-14,3.7158305e-14
6074.1000,3.6776643e-14,3.6776643e-14
6079.0000,3.6842679e-14,3.6842679e-14
6083.9000,3.6665736e-14,3.6665736e-14
6088.8000,3.6880252e-14,3.6880252e-14
6093.7000,3.7295116e-14,3.7295116e-14
6098.6000,3.7453326e-14,3.7453326e-14
6103.5000,3.8137073e-14,3.8137073e-14
6108.4000,3.8752647e-14,3.8752647e-14
6113.3000,3.9041676e-14,3.9041676e-14
6118.2000,3.9753828e-14,3.9753828e-14
6123.1000,4.0245603e-14,4.0245603e-14
6128.0000,4.084964e-14,4.084964e-14
6132.9000,4.1210772e-14,4.1210772e-14
6137.8000,4.0849024e-14,4.0849024e-14
6142.7000,4.037053e-14,4.037053e-14
6147.6000,3.9559506e-14,3.9559506e-14
6152.5000,3.9218254e-14,3.9218254e-14
6157.4000,3.7710322e-14,3.7710322e-14
6162.3000,3.6404606e-14,3.6404606e-14
6167.2000,3.5895631e-14,3.5895631e-14
6172.1000,3.5300162e-14,3.5300162e-14
6177.0000,3.524208e-14,3.524208e-14
6181.9000,3.5042153e-14,3.5042153e-14
6186.8000,3.5617531e-14,3.5617531e-14
6191.7000,3.6404066e-14,3.6404066e-14
6196.6000,3.7368938e-14,3.7368938e-14
6201.5000,3.9285262e-14,3.9285262e-14
6206.4000,4.056149e-14,4.056149e-14
6211.3000,4.2566406e-14,4.2566406e-14
6216.2000,4.3277504e-14,4.3277504e-14
6221.1000,4.3863062e-14,4.3863062e-14
6226.0000,4.4257002e-14,4.4257002e-14
6230.9000,4.430015e-14,4.430015e-14
6235.8000,4.4034908e-14,4.4034908e-14
6240.7000,4.273936e-14,4.273936e-14
6245.6000,4.2128754e-14,4.2128754e-14
6250.5000,4.1004034e-14,4.1004034e-14
6255.4000,4.0276857e-14,4.0276857e-14
6260.3000,3.914392e-14,3.914392e-14
6265.2000,3.7607358e-14,3.7607358e-14
6270.1000,3.7514708e-14,3.7514708e-14
6275.0000,3.6257852e-14,3.6257852e-14
6279.9000,3.6041393e-14,3.6041393e-14
6284.8000,3.563608e-14,3.563608e-14
6289.7000,3.5653256e-14,3.5653256e-14
6294.6000,3.5691321e-14,3.5691321e-14
6299.5000,3.5700503e-14,3.5700503e-14
6304.4000,3.5493475e-14,3.5493475e-14
6309.3000,3.6312938e-14,3.6312938e-14
6314.2000,3.6751716e-14,3.6751716e-14
6319.1000,3.6216752e-14,3.6216752e-14
6324.0000,3.7000866e-14,3.7000866e-14
6328.9000,3.8044271e-14,3.8044271e-14
6333.8000,3.8064177e-14,3.8064177e-14
6338.7000,3.8987438e-14,3.8987438e-14
6343.6000,4.0682234e-14,4.0682234e-14
6348.5000,4.1638957e-14,4.1638957e-14
6353.4000,4.2624601e-14,4.2624601e-14
6358.3000,4.3889295e-14,4.3889295e-14
6363.2000,4.5095435e-14,4.5095435e-14
6368.1000,4.5795748e-14,4.5795748e-14
6373.0000,4.7040982e-14,4.7040982e-14
6377.9000,4.8108916e-14,4.8108916e-14
6382.8000,4.9671373e-14,4.9671373e-14
6387.7000,5.098035e-14,5.098035e-14
6392.6000,5.192071e-14,5.192071e-14
6397.5000,5.2505034e-14,5.2505034e-14
6402.4000,5.4608522e-14,5.4608522e-14
6407.3000,5.5724931e-14,5.5724931e-14
6412.2000,5.8347258e-14,5.8347258e-14
6417.1000,5.9687754e-14,5.9687754e-14
6422.0000,6.1379142e-14,6.1379142e-14
6426.9000,6.3120035e-14,6.3120035e-14
6431.8000,6.4084922e-14,6.4084922e-14
6436.7000,6.6150742e-14,6.6150742e-14
6441.6000,6.7466376e-14,6.7466376e-14
6446.5000,6.8584324e-14,6.8584324e-14
6451.4000,7.0443666e-14,7.0443666e-14
6456.3000,7.1088649e-14,7.1088649e-14
6461.2000,7.1878605e-14,7.1878605e-14
6466.1000,7.3127598e-14,7.3127598e-14
6471.0000,7.4278651e-14,7.4278651e-14
6475.9000,7.4645184e-14,7.4645184e-14
6480.8000,7.4683072e-14,7.4683072e-14
6485.7000,7.5074369e-14,7.5074369e-14
6490.6000,7.4921053e-14,7.4921053e-14
6495.5000,7.548522e-14,7.548522e-14
6500.4000,7.5239808e-14,7.5239808e-14
6505.3000,7.5667388e-14,7.5667388e-14
6510.2000,7.5881345e-14,7.5881345e-14
6515.1000,7.5117741e-14,7.5117741e-14
6520.0000,7.452219e-14,7.452219e-14
6524.9000,7.4789667e-14,7.4789667e-14
6529.8000,7.5144672e-14,7.5144672e-14
6534.7000,7.4058174e-14,7.4058174e-14
6539.6000,7.3172886e-14,7.3172886e-14
6544.5000,7.2054451e-14,7.2054451e-14
6549.4000,7.0947178e-14,7.0947178e-14
6554.3000,7.0506137e-14,7.0506137e-14
6559.2000,6.9826629e-14,6.9826629e-14
6564.1000,6.7160189e-14,6.7160189e-14
6569.0000,6.6393951e-14,6.6393951e-14
6573.9000,6.6053563e-14,6.6053563e-14
6578.8000,6.5012835e-14,6.5012835e-14
6583.7000,6.3490362e-14,6.3490362e-14
6588.6000,6.1584952e-14,6.1584952e-14
6593.5000,6.0711204e-14,6.0711204e-14
6598.4000,5.9777641e-14,5.9777641e-14
6603.3000,5.7902851e-14,5.7902851e-14
6608.2000,5.6598311e-14,5.6598311e-14
6613.1000,5.4807446e-14,5.4807446e-14
6618.0000,5.3325072e-14,5.3325072e-14
6622.9000,5.2523035e-14,5.2523035e-14
6627.8000,5.0889888e-14,5.0889888e-14
6632.7000,4.8311556e-14,4.8311556e-14
6637.6000,4.7162468e-14,4.7162468e-14
6642.5000,4.6499502e-14,4.6499502e-14
6647.4000,4.4234124e-14,4.4234124e-14
6652.3000,4.2389971e-14,4.2389971e-14
6657.2000,4.0933013e-14,4.0933013e-14
6662.1000,3.9328641e-14,3.9328641e-14
6667.0000,3.8316002e-14,3.8316002e-14
6671.9000,3.6973563e-14,3.6973563e-14
6676.8000,3.5420663e-14,3.5420663e-14
6681.7000,3.4877801e-14,3.4877801e-14
6686.6000,3.389913e-14,3.389913e-14
6691.5000,3.2378065e-14,3.2378065e-14
6696.4000,3.1207264e-14,3.1207264e-14
6701.3000,3.0326542e-14,3.0326542e-14
6706.2000,2.9607275e-14,2.9607275e-14
6711.1000,2.9250684e-14,2.9250684e-14
6716.0000,2.854157e-14,2.854157e-14
6720.9000,2.7788235e-14,2.7788235e-14
6725.8000,2.7619164e-14,2.7619164e-14
6730.7000,2.7441935e-14,2.7441935e-14
6735.6000,2.7281381e-14,2.7281381e-14
6740.5000,2.7017861e-14,2.7017861e-14
6745.4000,2.6703105e-14,2.6703105e-14
6750.3000,2.6548693e-14,2.6548693e-14
6755.2000,2.646215e-14,2.646215e-14
6760.1000,2.6225171e-14,2.6225171e-14
6765.0000,2.5840555e-14,2.5840555e-14
6769.9000,2.5569956e-14,2.5569956e-14
6774.8000,2.5528854e-14,2.5528854e-14
6779.7000,2.5399083e-14,2.5399083e-14
6784.6000,2.5148498e-14,2.5148498e-14
6789.5000,2.4962683e-14,2.4962683e-14
6794.4000,2.5041218e-14,2.5041218e-14
6799.3000,2.5431338e-14,2.5431338e-14
6804.2000,2.5215798e-14,2.5215798e-14
6809.1000,2.5000014e-14,2.5000014e-14
6814.0000,2.4887587e-14,2.4887587e-14
6818.9000,2.4849419e-14,2.4849419e-14
6823.8000,2.5095416e-14,2.5095416e-14
6828.7000,2.4930075e-14,2.4930075e-14
6833.6000,2.4844691e-14,2.4844691e-14
6838.5000,2.5005088e-14,2.5005088e-14
6843.4000,2.531919e-14,2.531919e-14
6848.3000,2.5120575e-14,2.5120575e-14
6853.2000,2.4646865e-14,2.4646865e-14
6858.1000,2.4544122e-14,2.4544122e-14
6863.0000,2.4790214e-14,2.4790214e-14
6867.9000,2.4957921e-14,2.4957921e-14
6872.8000,2.5096948e-14,2.5096948e-14
6877.7000,2.51763e-14,2.51763e-14
6882.6000,2.5029267e-14,2.5029267e-14
6887.5000,2.4987237e-14,2.4987237e-14
6892.4000,2.5023288e-14,2.5023288e-14
6897.3000,2.5176703e-14,2.5176703e-14
6902.2000,2.5431285e-14,2.5431285e-14
6907.1000,2.5717472e-14,2.5717472e-14
6912.0000,2.5831149e-14,2.5831149e-14
6916.9000,2.588109e-14,2.588109e-14
6921.8000,2.6076654e-14,2.6076654e-14
6926.7000,2.6256071e-14,2.6256071e-14
6931.6000,2.6633565e-14,2.6633565e-14
6936.5000,2.7009572e-14,2.7009572e-14
6941.4000,2.7133028e-14,2.7133028e-14
6946.3000,2.7335788e-14,2.7335788e-14
6951.2000,2.7606047e-14,2.7606047e-14
6956.1000,2.7651678e-14,2.7651678e-14
6961.0000,2.7669235e-14,2.7669235e-14
6965.9000,2.7409359e-14,2.7409359e-14
6970.8000,2.7154898e-14,2.7154898e-14
6975.7000,2.7072283e-14,2.7072283e-14
6980.6000,2.7022225e-14,2.7022225e-14
6985.5000,2.6932973e-14,2.6932973e-14
6990.4000,2.6403418e-14,2.6403418e-14
6995.3000,2.6307989e-14,2.6307989e-14
7000.2000,2.6098389e-14,2.6098389e-14
7005.1000,2.5682331e-14,2.5682331e-14
7010.0000,2.5497743e-14,2.5497743e-14
7014.9000,2.549719e-14,2.549719e-14
7019.8000,2.5124557e-14,2.5124557e-14
7024.7000,2.4911122e-14,2.4911122e-14
7029.6000,2.501378e-14,2.501378e-14
7034.5000,2.4919971e-14,2.4919971e-14
7039.4000,2.5174802e-14,2.5174802e-14
7044.3000,2.5323775e-14,2.5323775e-14
7049.2000,2.5418143e-14,2.5418143e-14
7054.1000,2.5676926e-14,2.5676926e-14
7059.0000,2.5883347e-14,2.5883347e-14
7063.9000,2.5873953e-14,2.5873953e-14
7068.8000,2.6189377e-14,2.6189377e-14
7073.7000,2.6791824e-14,2.6791824e-14
7078.6000,2.7237398e-14,2.7237398e-14
7083.5000,2.6888196e-14,2.6888196e-14
7088.4000,2.7091057e-14,2.7091057e-14
7093.3000,2.722244e-14,2.722244e-14
7098.2000,2.7063931e-14,2.7063931e-14
7103.1000,2.7258661e-14,2.7258661e-14
7108.0000,2.7527914e-14,2.7527914e-14
7112.9000,2.7784601e-14,2.7784601e-14
7117.8000,2.7698853e-14,2.7698853e-14
7122.7000,2.7650785e-14,2.7650785e-14
7127.6000,2.8584996e-14,2.8584996e-14
7132.5000,2.9005285e-14,2.9005285e-14
7137.4000,2.9271675e-14,2.9271675e-14
7142.3000,2.9549769e-14,2.9549769e-14
7147.2000,3.0129022e-14,3.0129022e-14
7152.1000,3.038774e-14,3.038774e-14
7157.0000,3.0900587e-14,3.0900587e-14
7161.9000,3.1767403e-14,3.1767403e-14
7166.8000,3.2212823e-14,3.2212823e-14
7171.7000,3.2398883e-14,3.2398883e-14
7176.6000,3.311322e-14,3.311322e-14
7181.5000,3.3775051e-14,3.3775051e-14
7186.4000,3.4003613e-14,3.4003613e-14
7191.3000,3.4293644e-14,3.4293644e-14
7196.2000,3.5099925e-14,3.5099925e-14
7201.1000,3.5706675e-14,3.5706675e-14
7206.0000,3.6288949e-14,3.6288949e-14
7210.9000,3.6401921e-14,3.6401921e-14
7215.8000,3.645241e-14,3.645241e-14
7220.7000,3.7011502e-14,3.7011502e-14
7225.6000,3.7061304e-14,3.7061304e-14
7230.5000,3.7409413e-14,3.7409413e-14
7235.4000,3.7383394e-14,3.7383394e-14
7240.3000,3.6979544e-14,3.6979544e-14
7245.2000,3.6419557e-14,3.6419557e-14
7250.1000,3.6445412e-14,3.6445412e-14
7255.0000,3.6336719e-14,3.6336719e-14
7259.9000,3.5972078e-14,3.5972078e-14
7264.8000,3.6195519e-14,3.6195519e-14
7269.7000,3.5944277e-14,3.5944277e-14
7274.6000,3.5291735e-14,3.5291735e-14
7279.5000,3.5396153e-14,3.5396153e-14
7284.4000,3.5507772e-14,3.5507772e-14
7289.3000,3.5124155e-14,3.5124155e-14
7294.2000,3.4463471e-14,3.4463471e-14
7299.1000,3.4709576e-14,3.4709576e-14
7304.0000,3.4447503e-14,3.4447503e-14
7308.9000,3.4089974e-14,3.4089974e-14
7313.8000,3.3893816e-14,3.3893816e-14
7318.7000,3.4368225e-14,3.4368225e-14
7323.6000,3.4599296e-14,3.4599296e-14
7328.5000,3.4133174e-14,3.4133174e-14
7333.4000,3.4406945e-14,3.4406945e-14
7338.3000,3.4601727e-14,3.4601727e-14
7343.2000,3.5648182e-14,3.5648182e-14
7348.1000,3.6319657e-14,3.6319657e-14
7353.0000,3.682782e-14,3.682782e-14
7357.9000,3.6882944e-14,3.6882944e-14
7362.8000,3.7376404e-14,3.7376404e-14
7367.7000,3.8501291e-14,3.8501291e-14
7372.6000,3.8735953e-14,3.8735953e-14
7377.5000,3.9173658e-14,3.9173658e-14
7382.4000,3.9819558e-14,3.9819558e-14
7387.3000,4.0346672e-14,4.0346672e-14
7392.2000,4.1932114e-14,4.1932114e-14
7397.1000,4.2578394e-14,4.2578394e-14
7402.0000,4.2298122e-14,4.2298122e-14
7406.9000,4.2658685e-14,4.2658685e-14
7411.8000,4.3022248e-14,4.3022248e-14
7416.7000,4.4498778e-14,4.4498778e-14
7421.6000,4.5450299e-14,4.5450299e-14
7426.5000,4.5259127e-14,4.5259127e-14
7431.4000,4.5956027e-14,4.5956027e-14
7436.3000,4.5089744e-14,4.5089744e-14
7441.2000,4.5513019e-14,4.5513019e-14
7446.1000,4.6181509e-14,4.6181509e-14
7451.0000,4.598632e-14,4.598632e-14
7455.9000,4.4907323e-14,4.4907323e-14
7460.8000,4.4986681e-14,4.4986681e-14
7465.7000,4.4471593e-14,4.4471593e-14
7470.6000,4.3611266e-14,4.3611266e-14
7475.5000,4.3152532e-14,4.3152532e-14
7480.4000,4.1453055e-14,4.1453055e-14
7485.3000,4.0031842e-14,4.0031842e-14
7490.2000,3.8998053e-14,3.8998053e-14
7495.1000,3.7958781e-14,3.7958781e-14
7500.0000,3.6056323e-14,3.6056323e-14
7504.9000,3.4550618e-14,3.4550618e-14
7509.8000,3.3712427e-14,3.3712427e-14
7514.7000,3.320092e-14,3.320092e-14
7519.6000,3.2338252e-14,3.2338252e-14
7524.5000,3.1451146e-14,3.1451146e-14
7529.4000,3.1076607e-14,3.1076607e-14
7534.3000,3.0750491e-14,3.0750491e-14
7539.2000,3.0328825e-14,3.0328825e-14
7544.1000,3.0679978e-14,3.0679978e-14
7549.0000,3.0328592e-14,3.0328592e-14
7553.9000,3.0180966e-14,3.0180966e-14
7558.8000,3.0668854e-14,3.0668854e-14
7563.7000,3.1332927e-14,3.1332927e-14
7568.6000,3.1926734e-14,3.1926734e-14
7573.5001,3.2779353e-14,3.2779353e-14
7578.4001,3.347782e-14,3.347782e-14
7583.3001,3.3621102e-14,3.3621102e-14
7588.2001,3.4273127e-14,3.4273127e-14
7593.1001,3.4765476e-14,3.4765476e-14
7598.0001,3.5297005e-14,3.5297005e-14
7602.9001,3.5958589e-14,3.5958589e-14
7607.8001,3.7304005e-14,3.7304005e-14
7612.7001,3.8163368e-14,3.8163368e-14
7617.6001,3.8599228e-14,3.8599228e-14
7622.5001,3.9866811e-14,3.9866811e-14
7627.4001,4.0731573e-14,4.0731573e-14
7632.3001,4.1562965e-14,4.1562965e-14
7637.2001,4.1801211e-14,4.1801211e-14
7642.1001,4.2842765e-14,4.2842765e-14
7647.0001,4.3668506e-14,4.3668506e-14
7651.9001,4.3585708e-14,4.3585708e-14
7656.8001,4.4930662e-14,4.4930662e-14
7661.7001,4.5609797e-14,4.5609797e-14
7666.6001,4.5945581e-14,4.5945581e-14
7671.5001,4.6037824e-14,4.6037824e-14
7676.4001,4.6653056e-14,4.6653056e-14
7681.3001,4.634343e-14,4.634343e-14
7686.2001,4.7361424e-14,4.7361424e-14
7691.1001,4.7819989e-14,4.7819989e-14
7696.0001,4.7205389e-14,4.7205389e-14
7700.9001,4.6783381e-14,4.6783381e-14
7705.8001,4.7146559e-14,4.7146559e-14
7710.7001,4.7216453e-14,4.7216453e-14
7715.6001,4.7835036e-14,4.7835036e-14
7720.5001,4.7405846e-14,4.7405846e-14
7725.4001,4.7187675e-14,4.7187675e-14
7730.3001,4.7758202e-14,4.7758202e-14
7735.2001,4.7154205e-14,4.7154205e-14
7740.1001,4.7130747e-14,4.7130747e-14
7745.0001,4.5919121e-14,4.5919121e-14
7749.9001,4.6429033e-14,4.6429033e-14
7754.8001,4.6764861e-14,4.6764861e-14
7759.7001,4.7287486e-14,4.7287486e-14
7764.6001,4.5549541e-14,4.5549541e-14
7769.5001,4.4999621e-14,4.4999621e-14
7774.4001,4.4165542e-14,4.4165542e-14
7779.3001,4.3942921e-14,4.3942921e-14
7784.2001,4.3678874e-14,4.3678874e-14
7789.1001,4.3710112e-14,4.3710112e-14
7794.0001,4.2609467e-14,4.2609467e-14
7798.9001,4.2026366e-14,4.2026366e-14
7803.8001,4.0966702e-14,4.0966702e-14
7808.7001,4.0791039e-14,4.0791039e-14
7813.6001,4.0028672e-14,4.0028672e-14
7818.5001,4.0082824e-14,4.0082824e-14
7823.4001,3.8938399e-14,3.8938399e-14
7828.3001,3.8035118e-14,3.8035118e-14
7833.2001,3.7737273e-14,3.7737273e-14
7838.1001,3.7279181e-14,3.7279181e-14
7843.0001,3.6659249e-14,3.6659249e-14
7847.9001,3.5403334e-14,3.5403334e-14
7852.8001,3.5243407e-14,3.5243407e-14
7857.7001,3.4222879e-14,3.4222879e-14
7862.6001,3.347014e-14,3.347014e-14
7867.5001,3.3105158e-14,3.3105158e-14
7872.4001,3.2231043e-14,3.2231043e-14
7877.3001,3.18502e-14,3.18502e-14
7882.2001,3.1261418e-14,3.1261418e-14
7887.1001,2.98773e-14,2.98773e-14
7892.0001,2.9624365e-14,2.9624365e-14
7896.9001,2.876914e-14,2.876914e-14
7901.8001,2.8269344e-14,2.8269344e-14
7906.7001,2.7549662e-14,2.7549662e-14
7911.6001,2.7234331e-14,2.7234331e-14
7916.5001,2.656937e-14,2.656937e-14
7921.4001,2.6558454e-14,2.6558454e-14
7926.3001,2.6176301e-14,2.6176301e-14
7931.2001,2.5791251e-14,2.5791251e-14
7936.1001,2.5333807e-14,2.5333807e-14
7941.0001,2.4722196e-14,2.4722196e-14
7945.9001,2.4569437e-14,2.4569437e-14
7950.8001,2.4745602e-14,2.4745602e-14
7955.7001,2.4532495e-14,2.4532495e-14
7960.6001,2.411582e-14,2.411582e-14
7965.5001,2.4287871e-14,2.4287871e-14
7970.4001,2.4187259e-14,2.4187259e-14
7975.3001,2.4263772e-14,2.4263772e-14
7980.2001,2.3855666e-14,2.3855666e-14
7985.1001,2.3242237e-14,2.3242237e-14
7990.0001,2.3192436e-14,2.3192436e-14
7994.9001,2.310232e-14,2.310232e-14
7999.8001,2.2926296e-14,2.2926296e-14
8004.7001,2.2978499e-14,2.2978499e-14
8009.6001,2.3125197e-14,2.3125197e-14
8014.5001,2.2949125e-14,2.2949125e-14
8019.4001,2.2784056e-14,2.2784056e-14
8024.3001,2.2666024e-14,2.2666024e-14
8029.2001,2.2740339e-14,2.2740339e-14
8034.1001,2.2750495e-14,2.2750495e-14
8039.0001,2.2488476e-14,2.2488476e-14
8043.9001,2.253526e-14,2.253526e-14
8048.8001,2.2610715e-14,2.2610715e-14
8053.7001,2.1972803e-14,2.1972803e-14
8058.6001,2.2225166e-14,2.2225166e-14
8063.5001,2.268518e-14,2.268518e-14
8068.4001,2.2794875e-14,2.2794875e-14
8073.3001,2.244868e-14,2.244868e-14
8078.2001,2.2719151e-14,2.2719151e-14
8083.1001,2.2450991e-14,2.2450991e-14
8088.0001,2.2487861e-14,2.2487861e-14
8092.9001,2.2455269e-14,2.2455269e-14
8097.8001,2.2217244e-14,2.2217244e-14
8102.7001,2.2380474e-14,2.2380474e-14
8107.6001,2.2600632e-14,2.2600632e-14
8112.5001,2.2190247e-14,2.2190247e-14
8117.4001,2.2211471e-14,2.2211471e-14
8122.3001,2.2181417e-14,2.2181417e-14
8127.2001,2.1929941e-14,2.1929941e-14
8132.1001,2.1855959e-14,2.1855959e-14
8137.0001,2.1160114e-14,2.1160114e-14
8141.9001,2.0620679e-14,2.0620679e-14
8146.8001,2.0019885e-14,2.0019885e-14
8151.7001,1.9143014e-14,1.9143014e-14
8156.6001,1.803714e-14,1.803714e-14
8161.5001,1.651875e-14,1.651875e-14
8166.4001,1.5180349e-14,1.5180349e-14
8171.3001,1.3650121e-14,1.3650121e-14
8176.2001,1.2449978e-14,1.2449978e-14
8181.1001,1.1307016e-14,1.1307016e-14
8186.0001,1.0337051e-14,1.0337051e-14
8190.9001,9.5961517e-15,9.5961517e-15
8195.8001,8.663815e-15,8.663815e-15
8200.7001,7.5464745e-15,7.5464745e-15
8205.6001,7.0273745e-15,7.0273745e-15
8210.5001,6.5842985e-15,6.5842985e-15
8215.4001,6.1683528e-15,6.1683528e-15
8220.3001,5.8826306e-15,5.8826306e-15
8225.2001,5.545349e-15,5.545349e-15
8230.1001,5.426386e-15,5.426386e-15
8235.0001,5.2911576e-15,5.2911576e-15
8239.9001,5.3016431e-15,5.3016431e-15
8244.8001,5.3657429e-15,5.3657429e-15
8249.7001,5.3574554e-15,5.3574554e-15
8254.6001,5.2847821e-15,5.2847821e-15
8259.5001,5.4371731e-15,5.4371731e-15
8264.4001,5.701064e-15,5.701064e-15
8269.3001,5.9547804e-15,5.9547804e-15
8274.2001,6.2129028e-15,6.2129028e-15
8279.1001,6.4275482e-15,6.4275482e-15
8284.0001,6.6543929e-15,6.6543929e-15
8288.9001,6.9561893e-15,6.9561893e-15
8293.8001,7.2456057e-15,7.2456057e-15
8298.7001,7.4305325e-15,7.4305325e-15
8303.6001,7.4786377e-15,7.4786377e-15
8308.5001,7.7854942e-15,7.7854942e-15
8313.4001,7.8030705e-15,7.8030705e-15
8318.3001,7.8437781e-15,7.8437781e-15
8323.2001,8.0249664e-15,8.0249664e-15
8328.1001,8.157692e-15,8.157692e-15
8333.0001,8.1411884e-15,8.1411884e-15
8337.9001,8.3612897e-15,8.3612897e-15
8342.8001,8.5819999e-15,8.5819999e-15
8347.7001,8.7145284e-15,8.7145284e-15
8352.6001,8.8860664e-15,8.8860664e-15
8357.5001,9.0401745e-15,9.0401745e-15
8362.4001,9.3247573e-15,9.3247573e-15
8367.3001,9.4601716e-15,9.4601716e-15
8372.2001,9.8838384e-15,9.8838384e-15
8377.1001,1.0193478e-14,1.0193478e-14
8382.0001,1.0460101e-14,1.0460101e-14
8386.9001,1.0708048e-14,1.0708048e-14
8391.8001,1.0932612e-14,1.0932612e-14
8396.7001,1.1431672e-14,1.1431672e-14
8401.6001,1.1793165e-14,1.1793165e-14
8406.5001,1.2174606e-14,1.2174606e-14
8411.4001,1.2773435e-14,1.2773435e-14
8416.3001,1.3159548e-14,1.3159548e-14
8421.2001,1.3662118e-14,1.3662118e-14
8426.1001,1.4248786e-14,1.4248786e-14
8431.0001,1.461198e-14,1.461198e-14
8435.9001,1.511913e-14,1.511913e-14
8440.8001,1.5974085e-14,1.5974085e-14
8445.7001,1.6421821e-14,1.6421821e-14
8450.6001,1.6687261e-14,1.6687261e-14
8455.5001,1.7526975e-14,1.7526975e-14
8460.4001,1.8403313e-14,1.8403313e-14
8465.3001,1.9396108e-14,1.9396108e-14
8470.2001,2.087198e-14,2.087198e-14
8475.1001,2.3110141e-14,2.3110141e-14
8480.0001,2.5456394e-14,2.5456394e-14
8484.9001,2.7397094e-14,2.7397094e-14
8489.8001,2.8667691e-14,2.8667691e-14
8494.7001,2.9844523e-14,2.9844523e-14
8499.6001,3.1030363e-14,3.1030363e-14
8504.5001,3.2046002e-14,3.2046002e-14
8509.4001,3.3219948e-14,3.3219948e-14
8514.3001,3.4400281e-14,3.4400281e-14
8519.2001,3.4926367e-14,3.4926367e-14
8524.1001,3.5155342e-14,3.5155342e-14
8529.0001,3.5515023e-14,3.5515023e-14
8533.9001,3.5940953e-14,3.5940953e-14
8538.8001,3.6190719e-14,3.6190719e-14
8543.7001,3.6236482e-14,3.6236482e-14
8548.6001,3.6597993e-14,3.6597993e-14
8553.5001,3.6666683e-14,3.6666683e-14
8558.4001,3.6318433e-14,3.6318433e-14
8563.3001,3.6318338e-14,3.6318338e-14
8568.2001,3.6379463e-14,3.6379463e-14
8573.1001,3.6201633e-14,3.6201633e-14
8578.0001,3.6332342e-14,3.6332342e-14
8582.9001,3.6440527e-14,3.6440527e-14
8587.8001,3.6641786e-14,3.6641786e-14
8592.7001,3.6784459e-14,3.6784459e-14
8597.6001,3.6913374e-14,3.6913374e-14
8602.5001,3.6490672e-14,3.6490672e-14
8607.4001,3.6598573e-14,3.6598573e-14
8612.3001,3.6908283e-14,3.6908283e-14
8617.2001,3.7189841e-14,3.7189841e-14
8622.1001,3.6708551e-14,3.6708551e-14
8627.0001,3.695397e-14,3.695397e-14
8631.9001,3.7505193e-14,3.7505193e-14
8636.8001,3.7512165e-14,3.7512165e-14
8641.7001,3.7973245e-14,3.7973245e-14
8646.6001,3.8789809e-14,3.8789809e-14
8651.5001,3.9168734e-14,3.9168734e-14
8656.4001,3.9730925e-14,3.9730925e-14
8661.3001,4.0008716e-14,4.0008716e-14
8666.2001,3.9831016e-14,3.9831016e-14
8671.1001,3.999915e-14,3.999915e-14
8676.0001,4.0169123e-14,4.0169123e-14
8680.9001,4.0976279e-14,4.0976279e-14
8685.8001,4.1580986e-14,4.1580986e-14
8690.7001,4.1912215e-14,4.1912215e-14
8695.6001,4.1848059e-14,4.1848059e-14
8700.5001,4.1939383e-14,4.1939383e-14
8705.4001,4.2585056e-14,4.2585056e-14
8710.3001,4.2916731e-14,4.2916731e-14
8715.2001,4.28662e-14,4.28662e-14
8720.1001,4.3285532e-14,4.3285532e-14
8725.0001,4.2786702e-14,4.2786702e-14
8729.9001,4.2629654e-14,4.2629654e-14
8734.8001,4.3135323e-14,4.3135323e-14
8739.7001,4.31248e-14,4.31248e-14
8744.6001,4.3372491e-14,4.3372491e-14
8749.5001,4.3742972e-14,4.3742972e-14
8754.4001,4.363632e-14,4.363632e-14
8759.3001,4.3338737e-14,4.3338737e-14
8764.2001,4.314628e-14,4.314628e-14
8769.1001,4.3401954e-14,4.3401954e-14
8774.0001,4.2823058e-14,4.2823058e-14
8778.9001,4.3178622e-14,4.3178622e-14
8783.8001,4.254744e-14,4.254744e-14
8788.7001,4.2018641e-14,4.2018641e-14
8793.6001,4.241907e-14,4.241907e-14
8798.5001,4.1538665e-14,4.1538665e-14
8803.4001,4.130263e-14,4.130263e-14
8808.3001,4.1577618e-14,4.1577618e-14
8813.2001,4.1035363e-14,4.1035363e-14
8818.1001,4.0289129e-14,4.0289129e-14
8823.0001,4.0659509e-14,4.0659509e-14
8827.9001,3.9795238e-14,3.9795238e-14
8832.8001,3.9541291e-14,3.9541291e-14
8837.7001,3.9746905e-14,3.9746905e-14
8842.6001,3.9325476e-14,3.9325476e-14
8847.5001,3.8070081e-14,3.8070081e-14
8852.4001,3.7946621e-14,3.7946621e-14
8857.3001,3.8266726e-14,3.8266726e-14
8862.2001,3.7613512e-14,3.7613512e-14
8867.1001,3.6605199e-14,3.6605199e-14
8872.0001,3.6171564e-14,3.6171564e-14
8876.9001,3.5968412e-14,3.5968412e-14
8881.8001,3.6108015e-14,3.6108015e-14
8886.7001,3.5691802e-14,3.5691802e-14
8891.6001,3.5387386e-14,3.5387386e-14
8896.5001,3.5164901e-14,3.5164901e-14
8901.4001,3.4480288e-14,3.4480288e-14
8906.3001,3.4203953e-14,3.4203953e-14
8911.2001,3.3662835e-14,3.3662835e-14
8916.1001,3.3288967e-14,3.3288967e-14
8921.0001,3.2656344e-14,3.2656344e-14
8925.9001,3.1978743e-14,3.1978743e-14
8930.8001,3.2131685e-14,3.2131685e-14
8935.7001,3.166367e-14,3.166367e-14
8940.6001,3.076871e-14,3.076871e-14
8945.5001,3.0765616e-14,3.0765616e-14
8950.4001,2.9851318e-14,2.9851318e-14
8955.3001,3.0154873e-14,3.0154873e-14
8960.2001,2.9819701e-14,2.9819701e-14
8965.1001,2.9463001e-14,2.9463001e-14
8970.0001,2.9269813e-14,2.9269813e-14
8974.9001,2.882927e-14,2.882927e-14
8979.8001,2.8696025e-14,2.8696025e-14
8984.7001,2.8091091e-14,2.8091091e-14
8989.6001,2.7716582e-14,2.7716582e-14
8994.5001,2.7394191e-14,2.7394191e-14
8999.4001,2.7205734e-14,2.7205734e-14
9004.3001,2.7295132e-14,2.7295132e-14
9009.2001,2.7130395e-14,2.7130395e-14
9014.1001,2.690302e-14,2.690302e-14
9019.0001,2.7280968e-14,2.7280968e-14
9023.9001,2.6796427e-14,2.6796427e-14
9028.8001,2.6201334e-14,2.6201334e-14
9033.7001,2.6268815e-14,2.6268815e-14
9038.6001,2.6263386e-14,2.6263386e-14
9043.5001,2.5909932e-14,2.5909932e-14
9048.4001,2.6356663e-14,2.6356663e-14
9053.3001,2.5753234e-14,2.5753234e-14
9058.2001,2.5798368e-14,2.5798368e-14
9063.1001,2.5917206e-14,2.5917206e-14
9068.0001,2.5099997e-14,2.5099997e-14
9072.9001,2.5677281e-14,2.5677281e-14
9077.8001,2.5945874e-14,2.5945874e-14
9082.7001,2.4584308e-14,2.4584308e-14
9087.6001,2.4973296e-14,2.4973296e-14
9092.5001,2.5322721e-14,2.5322721e-14
9097.4001,2.5155643e-14,2.5155643e-14
9102.3001,2.4708012e-14,2.4708012e-14
9107.2001,2.4946237e-14,2.4946237e-14
9112.1001,2.4899355e-14,2.4899355e-14
9117.0001,2.5165404e-14,2.5165404e-14
9121.9001,2.4886788e-14,2.4886788e-14
9126.8001,2.476387e-14,2.476387e-14
9131.7001,2.4709766e-14,2.4709766e-14
9136.6001,2.4488565e-14,2.4488565e-14
9141.5001,2.4847428e-14,2.4847428e-14
9146.4001,2.4939116e-14,2.4939116e-14
9151.3001,2.477641e-14,2.477641e-14
9156.2001,2.4920293e-14,2.4920293e-14
9161.1001,2.4740313e-14,2.4740313e-14
9166.0001,2.4708531e-14,2.4708531e-14
9170.9001,2.3632802e-14,2.3632802e-14
9175.8001,2.4173405e-14,2.4173405e-14
9180.7001,2.4227354e-14,2.4227354e-14
9185.6001,2.4566931e-14,2.4566931e-14
9190.5001,2.4149539e-14,2.4149539e-14
9195.4001,2.4496121e-14,2.4496121e-14
9200.3001,2.4502768e-14,2.4502768e-14
9205.2001,2.4571553e-14,2.4571553e-14
9210.1001,2.4685634e-14,2.4685634e-14
9215.0001,2.4717733e-14,2.4717733e-14
9219.9001,2.5310499e-14,2.5310499e-14
9224.8001,2.5203794e-14,2.5203794e-14
9229.7001,2.511571e-14,2.511571e-14
9234.6001,2.5159006e-14,2.5159006e-14
9239.5001,2.5466929e-14,2.5466929e-14
9244.4001,2.5947741e-14,2.5947741e-14
9249.3001,2.5785481e-14,2.5785481e-14
9254.2001,2.5252879e-14,2.5252879e-14
9259.1001,2.5262124e-14,2.5262124e-14
9264.0001,2.5631369e-14,2.5631369e-14
9268.9001,2.5730177e-14,2.5730177e-14
9273.8001,2.5798343e-14,2.5798343e-14
9278.7001,2.5833772e-14,2.5833772e-14
9283.6001,2.5559696e-14,2.5559696e-14
9288.5001,2.5451028e-14,2.5451028e-14
9293.4001,2.5182716e-14,2.5182716e-14
9298.3001,2.5205798e-14,2.5205798e-14
9303.2001,2.5848567e-14,2.5848567e-14
9308.1001,2.5754034e-14,2.5754034e-14
9313.0001,2.4576563e-14,2.4576563e-14
9317.9001,2.3922904e-14,2.3922904e-14
9322.8001,2.4373089e-14,2.4373089e-14
9327.7001,2.4266579e-14,2.4266579e-14
9332.6001,2.4210936e-14,2.4210936e-14
9337.5001,2.4232715e-14,2.4232715e-14
9342.4001,2.4544732e-14,2.4544732e-14
9347.3001,2.3963841e-14,2.3963841e-14
9352.2001,2.3789402e-14,2.3789402e-14
9357.1001,2.4190439e-14,2.4190439e-14
9362.0001,2.4225478e-14,2.4225478e-14
9366.9001,2.4333028e-14,2.4333028e-14
9371.8001,2.4794907e-14,2.4794907e-14
9376.7001,2.4646461e-14,2.4646461e-14
9381.6001,2.4398697e-14,2.4398697e-14
9386.5001,2.4771212e-14,2.4771212e-14
9391.4001,2.5337973e-14,2.5337973e-14
9396.3001,2.4882157e-14,2.4882157e-14
9401.2001,2.4592579e-14,2.4592579e-14
9406.1001,2.4743182e-14,2.4743182e-14
9411.0001,2.5118618e-14,2.5118618e-14
9415.9001,2.4420612e-14,2.4420612e-14
9420.8001,2.5216015e-14,2.5216015e-14
9425.7001,2.5822578e-14,2.5822578e-14
9430.6001,2.5648184e-14,2.5648184e-14
9435.5001,2.5913675e-14,2.5913675e-14
9440.4001,2.6653886e-14,2.6653886e-14
9445.3001,2.675449e-14,2.675449e-14
9450.2001,2.6764317e-14,2.6764317e-14
9455.1001,2.6833278e-14,2.6833278e-14
9460.0001,2.7053508e-14,2.7053508e-14
9464.9001,2.7334932e-14,2.7334932e-14
9469.8001,2.7154517e-14,2.7154517e-14
9474.7001,2.6983637e-14,2.6983637e-14
9479.6001,2.7312004e-14,2.7312004e-14
9484.5001,2.7404581e-14,2.7404581e-14
9489.4001,2.7525539e-14,2.7525539e-14
9494.3001,2.764046e-14,2.764046e-14
9499.2001,2.7775592e-14,2.7775592e-14
9504.1001,2.82227e-14,2.82227e-14
9509.0001,2.7801383e-14,2.7801383e-14
9513.9001,2.740622e-14,2.740622e-14
9518.8001,2.7380241e-14,2.7380241e-14
9523.7001,2.7560883e-14,2.7560883e-14
9528.6001,2.7618215e-14,2.7618215e-14
9533.5001,2.7728891e-14,2.7728891e-14
9538.4001,2.724187e-14,2.724187e-14
9543.3001,2.7330885e-14,2.7330885e-14
9548.2001,2.7352159e-14,2.7352159e-14
9553.1001,2.6743051e-14,2.6743051e-14
9558.0001,2.641302e-14,2.641302e-14
9562.9001,2.6257211e-14,2.6257211e-14
9567.8001,2.560315e-14,2.560315e-14
9572.7001,2.5247009e-14,2.5247009e-14
9577.6001,2.4981789e-14,2.4981789e-14
9582.5001,2.4084411e-14,2.4084411e-14
9587.4001,2.3582233e-14,2.3582233e-14
9592.3001,2.3806221e-14,2.3806221e-14
9597.2001,2.357072e-14,2.357072e-14
9602.1001,2.2973576e-14,2.2973576e-14
9607.0001,2.2489546e-14,2.2489546e-14
9611.9001,2.2488108e-14,2.2488108e-14
9616.8001,2.2132932e-14,2.2132932e-14
9621.7001,2.1360351e-14,2.1360351e-14
9626.6001,2.0614077e-14,2.0614077e-14
9631.5001,2.0240948e-14,2.0240948e-14
9636.4001,2.0477622e-14,2.0477622e-14
9641.3001,2.0095652e-14,2.0095652e-14
9646.2001,1.983159e-14,1.983159e-14
9651.1001,1.9292557e-14,1.9292557e-14
9656.0001,1.8891794e-14,1.8891794e-14
9660.9001,1.9275165e-14,1.9275165e-14
9665.8001,1.9187526e-14,1.9187526e-14
9670.7001,1.8959773e-14,1.8959773e-14
9675.6001,1.8822725e-14,1.8822725e-14
9680.5001,1.8901329e-14,1.8901329e-14
9685.4001,1.8697989e-14,1.8697989e-14
9690.3001,1.865803e-14,1.865803e-14
9695.2001,1.8759717e-14,1.8759717e-14
9700.1001,1.8994666e-14,1.8994666e-14
9705.0001,1.8863766e-14,1.8863766e-14
9709.9001,1.8671504e-14,1.8671504e-14
9714.8001,1.9291187e-14,1.9291187e-14
9719.7001,1.9623129e-14,1.9623129e-14
9724.6001,1.9607019e-14,1.9607019e-14
9729.5001,2.0076944e-14,2.0076944e-14
9734.4001,2.0238583e-14,2.0238583e-14
9739.3001,2.0332966e-14,2.0332966e-14
9744.2001,2.054586e-14,2.054586e-14
9749.1001,2.0981095e-14,2.0981095e-14
9754.0001,2.1710423e-14,2.1710423e-14
9758.9001,2.1990654e-14,2.1990654e-14
9763.8001,2.2323247e-14,2.2323247e-14
9768.7001,2.2606353e-14,2.2606353e-14
9773.6001,2.306065e-14,2.306065e-14
9778.5001,2.3577404e-14,2.3577404e-14
9783.4001,2.4032757e-14,2.4032757e-14
9788.3001,2.4639244e-14,2.4639244e-14
9793.2001,2.4813422e-14,2.4813422e-14
9798.1001,2.5003977e-14,2.5003977e-14
9803.0001,2.5350519e-14,2.5350519e-14
9807.9001,2.5963239e-14,2.5963239e-14
9812.8001,2.6607503e-14,2.6607503e-14
9817.7001,2.7137516e-14,2.7137516e-14
9822.6001,2.7734169e-14,2.7734169e-14
9827.5001,2.7997529e-14,2.7997529e-14
9832.4001,2.8851619e-14,2.8851619e-14
9837.3001,2.9521376e-14,2.9521376e-14
9842.2001,3.022782e-14,3.022782e-14
9847.1001,3.0785629e-14,3.0785629e-14
9852.0001,3.1305123e-14,3.1305123e-14
9856.9001,3.1865864e-14,3.1865864e-14
9861.8001,3.198467e-14,3.198467e-14
9866.7001,3.193102e-14,3.193102e-14
9871.6001,3.232806e-14,3.232806e-14
9876.5001,3.3842742e-14,3.3842742e-14
9881.4001,3.4341333e-14,3.4341333e-14
9886.3001,3.418595e-14,3.418595e-14
9891.2001,3.4990639e-14,3.4990639e-14
9896.1001,3.5744584e-14,3.5744584e-14
9901.0001,3.5255177e-14,3.5255177e-14
9905.9001,3.586999e-14,3.586999e-14
9910.8001,3.591709e-14,3.591709e-14
9915.7001,3.5835607e-14,3.5835607e-14
9920.6001,3.7193498e-14,3.7193498e-14
9925.5001,3.6685807e-14,3.6685807e-14
9930.4001,3.6220989e-14,3.6220989e-14
9935.3001,3.6054998e-14,3.6054998e-14
9940.2001,3.6904732e-14,3.6904732e-14
9945.1001,3.7287874e-14,3.7287874e-14
9950.0001,3.7493363e-14,3.7493363e-14
9954.9001,3.7350915e-14,3.7350915e-14
9959.8001,3.7383893e-14,3.7383893e-14
9964.7001,3.7284514e-14,3.7284514e-14
9969.6001,3.7434499e-14,3.7434499e-14
9974.5001,3.8019164e-14,3.8019164e-14
9979.4001,3.8877472e-14,3.8877472e-14
9984.3001,3.8357757e-14,3.8357757e-14
9989.2001,3.7673933e-14,3.7673933e-14
9994.1001,3.7404236e-14,3.7404236e-14
9999.0001,3.7976761e-14,3.7976761e-14
10003.900,3.7816028e-14,3.7816028e-14
10008.800,3.6544188e-14,3.6544188e-14
10013.700,3.6380539e-14,3.6380539e-14
10018.600,3.5749629e-14,3.5749629e-14
10023.500,3.6295022e-14,3.6295022e-14
10028.400,3.5177889e-14,3.5177889e-14
10033.300,3.6082242e-14,3.6082242e-14
10038.200,3.6148542e-14,3.6148542e-14
10043.100,3.5534735e-14,3.5534735e-14
10048.000,3.5493264e-14,3.5493264e-14
10052.900,3.4647481e-14,3.4647481e-14
10057.800,3.3928343e-14,3.3928343e-14
10062.700,3.4134513e-14,3.4134513e-14
10067.600,3.3187058e-14,3.3187058e-14
10072.500,3.4038007e-14,3.4038007e-14
10077.400,3.3020262e-14,3.3020262e-14
10082.300,3.1969905e-14,3.1969905e-14
10087.200,3.1724273e-14,3.1724273e-14
10092.100,3.2278846e-14,3.2278846e-14
10097.000,3.2918757e-14,3.2918757e-14
10101.900,3.1769656e-14,3.1769656e-14
10106.800,3.1084122e-14,3.1084122e-14
10111.700,3.063009e-14,3.063009e-14
10116.600,3.1789845e-14,3.1789845e-14
10121.500,3.0996696e-14,3.0996696e-14
10126.400,3.0692847e-14,3.0692847e-14
10131.300,3.1266849e-14,3.1266849e-14
10136.200,3.0599606e-14,3.0599606e-14
10141.100,2.9950819e-14,2.9950819e-14
10146.000,3.0116729e-14,3.0116729e-14
10150.900,3.0973356e-14,3.0973356e-14
10155.800,2.936761e-14,2.936761e-14
10160.700,2.960962e-14,2.960962e-14
10165.600,2.9361308e-14,2.9361308e-14
10170.500,2.9265327e-14,2.9265327e-14
10175.400,2.8580822e-14,2.8580822e-14
10180.300,2.8120418e-14,2.8120418e-14
10185.200,2.780968e-14,2.780968e-14
10190.100,2.7338507e-14,2.7338507e-14
10195.000,2.7208188e-14,2.7208188e-14
10199.900,2.7886894e-14,2.7886894e-14
10204.800,2.6128796e-14,2.6128796e-14
10209.700,2.6979561e-14,2.6979561e-14
10214.600,2.665137e-14,2.665137e-14
10219.500,2.598017e-14,2.598017e-14
10224.400,2.7276244e-14,2.7276244e-14
